uname,sex,message,like,uid,location,emotion,sentiment_score
-棂元-,男,我已经在脑海里和你过完了一辈子。,23652,317704837,未知,非常积极,0.99 
买不起破站的房,男,复制一段我超喜欢的影评。我觉得这部电影最可取的是，描述的是两个精神独立个体的爱情，没有谁要去迎合谁，不以奉献和妥协为中心，不会为了融为一体而失去自己，爱情理所应当是陪伴和理解。,37661,32103630,未知,非常积极,1.00 
叫什么随意啦,保密,"在网易云lalaland原声的评论里，有个热评写：
Its about love
Its about dream
Its about the dream we love
Its about the love I dream
完全就是我看了这片子的感觉，完美概括。看了想哭
（不知道这几句是那位评论原创还是另有来源，不是我写的不是我写的不是我写的！如果原作者看到认为不合适我就删了这层）",12023,2930337,未知,非常消极,0.05 
Leefa莉法,女,welcome to Sebs,7429,27910184,未知,中性,0.50 
碎月之海,保密,这部片最神的剧情，也是最让人无法释怀的是，他俩分手不是因为身份格差父母反对误会第三者插足性格不合这些常见的理由，而是因为彼此都要追梦。,8224,3011231,未知,非常积极,0.97 
惬意竹,保密,当年艾玛斯通拿了奥斯卡最佳女主角，一步步走上领奖台，光彩照人，安德鲁加菲尔德就站在台下，不停地鼓掌，为她欢呼。看网上的新闻，说是爱乐之城的剧本，最初是加菲推荐给艾玛的。犹记得蜘蛛侠时期他们的你侬我侬，如今青春时光里曲终人散，各自开始了新的篇章，他注视着她封后的那一幕真的太像电影了，戏里戏外都是诗,6942,36992320,未知,非常积极,1.00 
蜜橙皮,女,"刚开始有个女性，估计是男主家人，在劝男主找稳定工作时，男主根本听不进去。
但他听到女主打电话给家里，女主的家人觉得他不可靠，女主还在为生计而奔波，他看看发霉的屋顶，他能带给女主的只有这些，所以他去签了那个乐队，因为他想给女主更好的生活。
男主一直在忙乐队的事，女主也在追逐自己的梦想，她看到舞台男主在表演爵士乐的时候，她为他开心，因为他实现了梦想，可舞台灯光亮起，她发现男主并不在梦想的道路上，这时她是有些失落的。
在演出到吵架这段时间，女主一直觉得男主是在赚钱养梦，就像女主的咖啡店服务员工作一样，可她没想到男主在这个赚钱养梦的兼职上花费了太多时间，多到完全远离梦想了。而女主为了离梦想更近，甚至辞掉咖啡店的工作。
女主和男主的灵魂契合就契合在梦想上，女主被在酒馆即使冒着被开除风险也要弹自己喜欢的音乐的男主所吸引，他们两个是同类，是与别人格格不入的同类，他们固执追逐着自己的梦想，坚持着，不与现实妥协，这也是他们吸引彼此的地方。所以在男主穷困潦倒时，女主与家人的电话中都一直为他辩解。而她看到与现实妥协，去演奏自己不喜欢音乐的男主时，她很失望，所以她点了出来。这恰好戳中了男主的伤口，男主也不愿意这样，不愿意妥协，可他签了合同没办法，女主此时的话就是男主的心声，他一直忍受着，一直去逃避，却被女主赤裸裸揭开了，所以男主这时恼羞成怒了，他开始责怪女主，因为她，他才想赚钱，要稳定工作，放弃梦想，一切都是因为爱她，顺便讽刺了一下正在追求演员梦的女主（他们是同类，所以男主实际上是在讽刺过去的自己，因为他此时无法改变现状，只能自我欺骗这样很好啊，来缓解他现在的焦虑）。梦想正是女主的软肋，她受不了，所以离开，她本以为男主是最能理解她的人，但是此时的男主背离了梦想，还拿女主最重要的梦想讽刺她。
女主演出并不顺利，男主也错过了演出，错过了最佳道歉时机，让一切无法挽回。
男主接电话，听到女主面试消息决定去找女主那一段我很感动，即使我们不再是恋人，我们也依旧是灵魂伴侣，我永远为你的梦想加油。
面试后，两人实际处于一个冷静阶段了，两人将来可能异地，男主忙着乐队的事连和女主见面都估计办不到，女主也要继续追梦，无暇顾及男主，分开是最好的决定。
最后在男主的琴声中他们幻想着如果没那么多遗憾。。。最后那一眼真的太有戏了！！",4840,1464824,未知,非常积极,1.00 
杰桀杰桀杰桀杰桀,保密,"这才是我最喜欢的爱情观2233娘喝水
而不是现在国内言情大肆宣扬的为爱自残小电视发愁",4703,52648578,未知,非常积极,1.00 
方方今年要下百,女,当年上映的时候，我舍友哭得稀里哗啦，我就只有一点点淡淡的难过和遗憾，她一边抹眼泪一边说，等你谈了恋爱你就懂了。转眼四年过去，我还是没懂，可恶啊辣眼睛辣眼睛辣眼睛,4049,5221563,未知,非常积极,1.00 
Leah-hu,保密,很多年轻情侣不愿意承认，他们在意关系，多过在意爱本身。因为你是我女朋友，所以我对你好，有一天你不是了，我便收起对你的好。脆弱的关系玷污了爱，也误导了人们，所有人都觉得爱越来越浅薄了。而真正的爱是有延续性的，它不会因关系终止而渺无音信。 have been doing,8514,305661775,未知,非常积极,1.00 
妄见-,女,从这儿开始哭到结尾大哭,2533,200953234,陕西,非常积极,0.96 
我和银老板贴贴,男,啊？我都买好票，准备明天去影院看了哦呼,62,340993268,四川,积极,0.62 
啷啷个哩哩个啷啷,女,此情可待成追忆 只是当时已惘然。,40,430105591,广东,积极,0.66 
hcloewex,女,我已经受够了给我们爱看歌舞的一点空间好吗？能不能别吐槽了？能不能？我看迪士尼，看爱乐之城，就连音乐之声也逃不过那句一言不合就唱歌是印度片吗。求求了，歌 舞 片 这 是 歌 舞 片 ！！！！！！ 不爱看就出去好吗！,7612,27895888,未知,非常积极,0.92 
三小米,女,seb真的一直很支持mia大哭特别是最后那一个点头，仿佛仍然在告诉她你很棒，很好，现在梦想实现，结婚过着幸福的日子是很正确的抉择，即使你的身边不是我，当正如我当初许下的那个诺言一样，我一直爱你。,2017,26872207,未知,非常积极,1.00 
dgvghj,保密,"影评：
1 最动人的几个地方，一个是女主角讲述她姑妈的时候，眼泪一下就流出来了。另外，就是她实现了理想，优雅地去点咖啡时，眼泪完全止不住。
2 女主角说她不喜欢jazz，所以她一开始，其实是被男主角弹琴时的passion所打动，她完全被震住了，像遇到另一个追求理想充满热情的自己。所以当男主角说，你一开始只是因为我可怜，你想在我身上找到安慰时，女主角很伤心。那种伤心，属于：我以为我们是灵魂伴侣，因为同样的passion而相互理解支持，没想到你却是这样想的。
3 一开始并不喜欢男主角，觉得他性格太固执理想主义，很难相处。但是看到后来他驱车十几个小时一直到深夜，去女主角家门口，帮助她实现梦想，真的很感动。
4 关于男主角的遗憾：他其实并不需要从一开始就吻上她，只用在她问Where are we时，坚定地想和她在一起，而不是wait and see，顺其自然。可是，或许我是站着说话不腰疼，男主角此刻已经和乐队签了合同（我并不清楚在美国违约会不会很严重），何况他还有队友，他的工作也才刚刚迈入正轨。耕耘几年后，他才可以凭他自己，去开他理想中的爵士酒吧。比起跟着女主角去巴黎，当下确定的看得见的未来，才更让人踏实。
5 这是一个很好的故事。人生不可重来。好的爱情在于灵魂吸引，也在于相互成就。",2875,14255924,未知,非常积极,1.00 
云丛的希思莉亚,男,这部影片曾获得了五分钟2017年奥斯卡最佳影片！,1749,2916263,未知,非常积极,0.86 
明川先森,保密,"好喜欢结局啊两个人都实现了自己的梦想，都过上了幸福的人生，而且他们都没有忘记属于两人的那段时光，没有诋毁，没有逃避，而是让它深藏心底，融于灵魂。大明星女主看向男主，俱乐部老板男主对她点头示意，让多年后再次触动的记忆又归于平静。
他们为对方做的是鼓舞，是了解，是赞美，没有改变，没有妥协，没有牺牲。他们因追梦的模样而闪烁，而吸引对方，又因为触手可及的梦想而在美景下分开，奔向远方。
太美了",1859,37883316,湖南,非常积极,1.00 
sai的指尖,男,至今难以释怀那届奥斯卡的乌龙呆,1332,21382448,未知,积极,0.68 
贫穷挖矿工,保密,我舅妈曾在巴黎住过一段时间，记得她每次来我家就会给我们讲，异乡生活中有趣的故事，我记得有一次 她告诉我们 她曾调经大胆跳进过冬天的河水，赤着脚，丝毫不露怯色，纵身一跃，一头扎进塞纳河，河水太冰冷，她打了接下来一个月的喷嚏，但她说 要重来她还会再跳一次。,2220,93733770,未知,非常积极,1.00 
正宗小肥猪_,保密,感谢b站，爱乐之城这部影片陪伴我我度过了17年最难熬的时光，家庭，爱情，寒冬但愿人生值得，未来可期。,534,13418461,未知,非常积极,1.00 
再揭起有害吗,女,B站今晚给我推了这部电影，让我想起了几年前有两个男生约过我这部电影，第一个男生看了一半居然睡着了，我看得泪流满面他看完说电影太无聊。第二个男生看完了这部电影，回去之后我和他网易云音乐的最近播放全是这部电影的插曲，最后他成了我男朋友。,2688,93698984,未知,非常积极,1.00 
椿泽丶,女,男主真的是很恋旧的人啊，从音乐风格到喜欢的人，最感触的还是他在被要求随便弹点什么的时候，第一反应还是弹了自己喜欢的jazz，即使选择了另一条路，愣神的片刻我还是会想到你,423,506211733,广东,非常积极,0.96 
落语゜,女,"天呐居然买了这个。 当年和我一个艺术生朋友去看的，不是什么爆米花电影，也没有爆笑的桥段，当时纯属陪基友去凑人数的。
结果，他喵的，看哭了。
也不知道是我泪点低还是被共鸣了，电影最后男主那段幻想和女主有一个完整的家，每天幸福美好生活的片段，我直接哗啦啦掉眼泪。
基友在旁边，我马上掏纸擦擦擦，也怕被问起来怎么就哭了。
过了这么久了，也不知道我全心全意喜欢的那个男生现在怎么样了。",1347,8091855,未知,非常积极,1.00 
Elsa_Ana,保密,"石头姐和高司令片子里最爱的一部
至今仍能张口就来city  of  star
虽然豆瓣反响一般
但对我真的意义非凡
是我沉寂时提供动力的一部影片",717,300231126,未知,非常积极,1.00 
红色葫芦娃S,男,"""你喜欢什么电影？""
""拉拉链。""
""哦，真的，我也是诶。""",871,252601843,未知,积极,0.71 
阳二十七,男,"第一个冬   代表孤独  独自一人   没人理解欣赏   冷寂  
   春    万物复苏   喜悦  碰到了一个真实的人   感受到了温暖   两个孤独的人被彼此吸引  爱情的种子已经发芽   
   夏     火热青春    爱的炽烈    热恋     感觉到我的爱人是正确的爱人     拥有对方我才完整
   秋      火焰烧尽后的现实     理想现实的冲突    现实与陪伴     忙碌与挂念     毕竟爱真的不能发电
 第二个冬    现实的冲突     理想的冲突   不能陪伴的爱人     巧合的误会      导致，，，，唉",392,20041061,未知,非常积极,1.00 
偷吃厨子,保密,为什么这么多人觉得再来一次男女主就会选择为了爱情放弃梦想？片中不是早就有答案了么？改变了自己风格的男主让女主觉得陌生迷茫，而女主放弃自己的梦想时男主也无法接受。他们爱的是那个共同幻想共同追梦的对方，无论男女主哪一方放弃梦想都是另一个人不能接受的,1037,384242918,广东,非常积极,1.00 
飘扬的自由之翼,保密,男女主都因为彼此变成了更好的人，实现了自己的梦想，这不是HE吗？为什么一定要以爱情的结局来判断呢？,331,565848763,湖北,非常积极,1.00 
J0ker137,男,"它并不是一部悲剧，你看完它，感受到的不是悲伤，而是遗憾
正是遗憾，让这个爱情故事更完美
两人都有自己的梦想，就像另一个结局一样，只要他们中的一个人放弃梦想，成全对方，他们就能在一起
但是，他们都选择的坚守和追逐自己的梦想，并尊重对方的梦想，没有向彼此妥协，没有像生活妥协
虽然终有遗憾，但这就是我心中最完美的结局。
我会一直爱着你，即使我们不能在一起。",1184,53002151,未知,非常积极,1.00 
来自兔星的亿万富翁,保密,很多人说这电影很现实很残酷，但其实这已经是美化过后的现实了。多少演员梦的女生真的能成为巨星，多少音乐梦的男生最后能拥有自己梦想中的音乐团队起码这电影里两人彼此安好事业有成，放在真正的现实里，很有可能就是两人分手但彼此梦想又没有得到实现。刷不能接受弹幕的，这其实已经是现实中非常不错的结局了啊,302,399687654,未知,非常积极,1.00 
牛胸肉揉不动,保密,这部电影 我第一次看的时候觉得是烂片 除了配乐其他一无是处 但是等我谈完一次刻骨铭心的恋爱后 我才意识到这是一部多么优秀的片子没有相关阅历和年龄 真的是感觉不到这个片子的精髓,1280,427445629,未知,非常积极,1.00 
努力の耗栀,保密,作为一个影迷来说，这部电影确实是很棒！整体节奏，包括春夏秋冬四季的恋爱变化体现的很到位，最终完美的恋爱，在两人想象中呈现，在最终女主当上了明星，回归了现实的残酷，类似于《马戏之王》《悲惨世界》《歌舞青春》这些优秀去音乐剧总之是很不错的！,284,30016501,未知,非常积极,1.00 
神奇锅巴,男,"看见不少弹幕说女主渣什么的，我想说其实并不是，当人生中爱过的人不止一个时就难免会面对这样的现实，而人生难免要爱复数的人。
爱情和学时的青涩不一样，不是什么样的感情都是爱情。爱是给予索取占有奉献，爱是狂热的不可割舍的痛。陈粒在《绝对占有相对自由》中有唱到想现在死去，时光记住我此刻坚决和笃定，爱一个人是深怕下一秒自己的感情衰退的无端惶恐，是想撕裂对方融入身体又想牺牲自己成全对方的矛盾。海明威也曾对海德利说过类似的话，我多么希望我在爱你时就死去。你无法与这些文字感同身受，那么你就无法理解故事中男女主的爱情。
但《金句集锦摄影集》中又说喜欢就会放肆，但爱是克制。爱情很纯粹，梦想也是，但生活很复杂。音乐和当下不切实际的演员梦，轻易就能击碎他们的生活，没钱真的什么都不是。哪怕是爱情，也需要钱。所以男主开始步入俗尘，而这样的妥协增生了怒火，击碎了梦想。当你一无所有爱一个人，为了生活而不得不放弃梦想的时候，你还是原本的你吗？你熠熠生辉的梦想，你的闪光全因为这样的妥协而暗淡了，你便不是你了。当为了爱情妥协自身的时候，爱情就已经变质了。是在爱情中失去原本的闪闪发光的彼此，还是在梦想中失去爱情？故事选择了后者。
故事无法呈现给观众如泥潭一般失去活性的婚姻，它要的是给我们一场凄美的梦境。如果剧本写出一个所谓的happy ending，男女主实现了梦想也守护了爱情，看似美好，实则遗憾，因为我们的理性始终在暗示我们这样的情节并不真实，无法实现，这样的情节无法引起我们的共鸣，而观众无法感同身受的电影就不是一部好电影。这部电影想要探讨的是爱情梦想自我的取舍和统一，生活没有十全十美，电影想告诉你这个故事就是生活，这就是大部分人所要经历的一生，它不想去许诺你往后美好但虚假的前景。它告诉你，生活就是这样了，爱情就是这样了，但这样对于我们已经足够，也已经无法再奢求更多，我们失去彼此，但我们也成为了更好的自己。
往后不管会不会再遇见你，我都爱你，就像我爱现在的生活，爱当下的人，我们的故事到这里就够了。
或许看不懂的人十年后再看这部电影心境也会大不相同，想起中国有句老话，初闻不识曲中意，再听已是曲中人。
等你看懂了，你也便困于此处了。",1461,11159041,未知,非常积极,1.00 
kirakira理想贡多拉,保密,"其实可能是因为我的思想没有任何深度，我也不知道是什么支撑着我看完了这个我觉得一点也不好看甚至有些乏味的电影，在看完其他人的影评时，对于人物角色塑造，音乐场景的转换有的觉得很有趣，但是我还是不怎么感兴趣，只是在某一天从网易云的每日推荐里又一次听到了《City of stars》，我的心就像是承受不住了，突然就觉得很酸涩，苦闷的心情，啊，所以那一刻我就觉得这是个后劲很大的电影，大到我想要推荐给别人，虽然我连好的推荐理由也说不出，只是希望有人能理解
这是我自我满足的评论，不要在意。",361,25735596,未知,非常积极,1.00 
蛀牙不能吃糖,女,原以为是一个讲述爱情的故事，其实是一个讲述梦想的故事,773,15042718,未知,非常积极,1.00 
o慕斯喵o,保密,我来自县城，她来自城市，我们在高中邂逅，我们互相鼓励，互相支持，一起成长，浑浑噩噩的我们开始有了自己的目标，她想当律师，我想给她安定的未来。现实却又是残酷的，成绩不好的她，即便努力复读了一年，也没能和我考上同一所大学，两张通知书将我们分到了中国的北边和南边，本因为疫情封路很难相聚的我们又要忍受更难相聚的现实。终于有一天她坚持不住了，向我提出了分手，我是很爱她，但我也知道，与其死缠烂打乞求她留下，不如体面地放手。曾经的我们人格独立，心理上却互相依赖，曾经的我们一起策划属于我们的美好未来我想开一个清酒吧，每天放自己爱听的音乐我以后要在家里养一大群猫猫和狗狗分手后的我一直沉浸在过去难以释怀，又变得浑浑噩噩。分手的第115天，我有幸欣赏到了《爱乐之城》，看到结尾，突然想到了她对我说过的最后一句话：晚安，在人生更高处相遇，我释然了，我找回失去的方向了。谢谢大家，我的故事讲完了，这是我的《爱乐之城》。,292,435874874,未知,非常积极,1.00 
姜澂JC,女,"很多弹幕说男主是为了女主而去弹奏他不喜欢的爵士，两人发生争执的时候还说这都是为了谁啊，你的意思是男主加入乐队全是为了女主吗？
我觉得男主加入乐队的这个选择是很复杂的。他爱女主，这毋庸置疑，他也的确听到女主和她妈妈的电话，一份稳定的工作，对吧？但是想一想，他一直坚持他热爱的爵士，在这条路上他就没有受过任何挫折吗？他会不会产生怀疑？尽管嘴巴信誓旦旦的说着他热爱的爵士，他会不会早已对自己产生怀疑只是一直在说服自己？说服自己或许应该放下一直固执坚持的逐渐消亡的爵士？
我理解的是，男主在无数的挫折中走来，爱上了女主，意识到为了维护这份爱情他或许需要一份稳定的工作，而不是虚无缥缈的他所热爱和坚持的爵士，他第一次去乐队的时候，他并不是很能忍受所谓的对爵士乐的创新（比如说爵士加电子），但是传奇哥去说服他的一段话或许让他坚定了加入乐队的选择，我是说或许。
后来男主一直参与乐队的工作，和女主的交流越来越少，女主去看乐队的表演，发现男主弹奏的并不是他当初向她讲述的他所热爱的爵士乐，而是像电影刚开始男主被迫演奏的那种口水歌（叫什么run好像），女主很震惊，可能会有失望，但是没有说破。后来两人重新聚到一起，女主一直想问的是你真的热爱你现在弹奏的爵士吗，而不是男主所认为的我成功了，所以你忍受不了我了，你爱的只是当初那个穷困潦倒的我（比如说男主认为目前的他是successful，但是女主关心的是你认为你现在的事业这么important吗）。还有一个细节，女主问男主你要在乐队耗多长时间，她并没有强烈反对男主留在乐队的这个选择，她或许认为男主正在搞钱去筹建属于自己的俱乐部，但是男主。。",930,456900292,未知,非常积极,1.00 
呆毛好耶怪,男,寒蝉凄切，对长亭晚，骤雨初歇。都门帐饮无绪，留恋处，兰舟催发。执手相看泪眼，竟无语凝噎。念去去，千里烟波，暮霭沉沉楚天阔。多情自古伤离别，更那堪，冷落清秋节！今宵酒醒何处？杨柳岸，晓风残月。此去经年，应是良辰好景虚设。便纵有千种风情，更与何人说？,221,8644143,未知,非常积极,1.00 
LAGOM丶,男,"我也说不准是在什么时间地点，
看见了你什么样的风姿，
听到了你什么样的谈吐，
 使我开始爱上了你。
那是在好久以前的事了。
等我发觉自己开始爱上你时，
我已走了一半路了。",663,44733726,未知,积极,0.79 
账号已注销,保密,"这部电影有多好呢？想象这样一个场景：二十年后的一个傍晚，你开着车或者车载着你在回家的路上，突然扬声器里开始放起这首电影里的旋律，听到第一个音符的一瞬间，所有的情绪全都涌上来，就好像二十年前的那个夜晚你第一次听到它们的时候那样。
转自豆瓣高赞评论",25747,11213574,未知,非常积极,1.00 
艺术落榜生西地高人,保密,"将Shanghai赋予诱骗的含义，并不是西方人对中国的污蔑和嘲笑，恰恰相反，这个词源于19世纪的美国人对自己国家一个犯罪现象的谴责和反思。
美国作家传教士William Taylor在他1856年的著作Seven Years Street Preaching in San Francisco中提到了Shanghai（当时称Shanghae）的最广为流传的起源：
A few years ago it was very difficult to make up a crew in this port From Shanghae in China there were seldom any ships returning to California To get back from Shanghae they must make the voyage round the world which was quite too far away Hence to get crews for Shanghae  they depended  on drugging the men Crews for Shanghae were therefore said to be Shanghaed and the term came into general use to represent this whole system of drugging extortion and cruelty
做动词的上海起源于19世纪的加利福尼亚海港。当时加州海港的船运公司船员紧缺，尤其是去往那些没有直航线路的港口时，更找不到足够多的船员。在这些港口里，离加州最远最繁忙的就是远在东方的上海了。但一艘船想要去往上海然后返航可不是件容易事，它必须环绕整个世界。如此舟车劳顿的航行，是任何一个水手都不愿加入的。因此，为了让船上有足够多的船员，加州港的黑心船商就会用拐骗的方式（比如在酒里下药）把港口的青壮年男子强行弄上船。久而久之，美国人把这种非法行为就叫做shanghai，它的含义后来也慢慢泛化，泛指一切的坑蒙拐骗的行为。资料来自扇贝",1216,6896802,未知,非常积极,1.00 
臭屁乌鸦,女,一人血书《音乐之声》《悲惨世界》《马戏之王》《剧院魅影》《雨中曲》《窈窕淑女》等等,15094,38009061,未知,非常积极,1.00 
杰特彗星,男,再次重温还是能让我泪流满面，在我心中是排名第一无可撼动的电影。2017年的奥斯卡闹出的乌龙也让我这个全程观看直播期待爱乐之城获奖的影迷恼怒不已，虽然石头姐拿到了威尼斯金球奖奥斯卡三料影后，但心中还是对爱乐之城无法登顶奥斯卡感到难以接受，或许月光男孩很优秀，但在没有黑人文化的其他国家，爱乐之城才应当是那一年的最佳电影，这应该会是包括我在内广大影迷这辈子都感到意难平的事情了。爱乐真的很像石头姐的一个个人经历，现实中她也是爱好表演所以在父母支持下放弃了学业跑到好莱坞打拼，磨练了五六年依然籍籍无名，因为《绯闻计划》（是我第一部看的石头姐的片子，也是巨好看）才一举成名，逐渐被好莱坞认可。而现实中石头姐和安德鲁加菲尔德的爱情也和爱乐之城中一样，两人因饰演超凡蜘蛛侠男女主而相恋，最后也因各自更伟大的演员梦想而分离，戏剧性的是，17年的奥斯卡石头姐凭借爱乐之城登顶了影后，而加菲尔德也凭借血战钢锯岭获得了影帝提名，两人在同一块场地，收获了各自的成功，但却再也无法回到过去了，整部爱乐之城仿佛就是石头姐人生的写照，人生如戏，一别两宽，各生欢喜,626,602799,未知,非常积极,1.00 
烈-永琳-幽香,男,"city of star
are you shining just for me",8423,40732649,未知,积极,0.67 
Steins4869,女,梦想与爱情，是否矛盾？,614,5871934,未知,非常积极,0.99 
麦克阿旋,男,2017年情人节在电影院上映，2019年七夕在哔哩哔哩上线，愿各位情侣们都像这部电影一样美好，这部电影在我们单身狗最脆弱的日子中给予了最大的温暖，感谢！微笑微笑微笑,21814,27130574,未知,非常积极,1.00 
念来过倒别,保密,"看电影前，我以为相爱的两人可以冲破一切阻挠，相互影响，相互搀扶，直到白头。
看完电影的我才知道，爱情是打不过现实的，更是追不上梦想的脚步。
所以，爱情不是不顾一切地去爱ta，去为ta放弃一切。而是互相理解的两人相互成全。
在为mia和seb没能有情人终成眷属感到惋惜也为他们成全了彼此的梦想而开心。
也祝愿在座的各位能有自己想要的爱情。
明天七夕快乐。然而雨我无瓜",642,4843815,未知,非常积极,1.00 
不丶一,保密,"这可能是给我最大震撼的爱情电影了，我记得当初我一个人看完终场，却一直坐在椅子上站不起来，脑海中一直回放这最后seb和mia的那段舞蹈，还有seb最后没有弹出的那个音符。
我一直以为爱情也是理想，人们为了爱情放弃，牺牲，奋不顾身，这让我觉得一无所有的自己始终没有什么资格去拥有。
lalaland让我明白，爱情不是你去做的交换，而是彼此眼中都有这同样的city of star，若是有过这样的彼此。
即便，即便最后只能在为你写的音乐中，与你共同舞完这一生的风景。或许也足够了。",5350,72563873,未知,非常积极,1.00 
7_Summers,男,想当初和前女友一起在情人节看的，现在却形同陌路,463,8505998,未知,中性,0.49 
奠阝,保密,一天，华纳迪士尼等大佬办公室电话同时响起：喂！我！B站！有钱！来片！dogedogedoge,8443,1332572,未知,消极,0.36 
罐装柠檬精,保密,"莫恨未能共白首
梦里曾度几回秋",543,39192120,未知,非常积极,0.99 
无语の冬瓜,男,收到消息第一时间再看一遍！,7973,576904,未知,消极,0.39 
独具风格的致远君,女,这是我终生难忘的最爱的也是因为私人原因最痛苦的一部电影,504,290050683,未知,非常积极,1.00 
朱雀先生,男,《爱乐之城》真的是给这些年影响力日渐式微的百老汇歌舞类电影提振了许多士气，可是即便如此奥斯卡还是把最佳影片奖颁给了政治正确的《月光男孩》。我到现在都怀疑在颁奖典礼上闹出的乌龙事件会不会是主办方故意搞的嘲讽。我也清楚如今被政治正确绑架下的奥斯卡早就已经变了味了，有许多人说今年获奖《绿皮书》本事是好电影，不是因为政治正确的关系。但是我还是认为它是好电影没错，可是它也必须得是一部政治正确的好电影才能获奖吧，要没了政治正确的要素它还能获奖吗我看就像诺兰看完《黑豹》后评价到这部电影应该去角逐奥斯卡奖。呵呵，《黑豹》还真的去评奖了，并且是第一部获得奥斯卡奖的漫威电影。也难怪有人说要是小李子还没有获得小金人的话，他应该去整容医院把自己的皮肤染黑吧。,490,10909367,未知,非常积极,1.00 
清源回流,女,第一遍仅仅觉得画面美音效棒，第二遍看的时候泪流满面。最后一段男主在一首钢琴曲里和女主走过一生我真的哭死。,463,278391618,未知,非常积极,1.00 
魔法英国佬亚眉眉,保密,前一段时间《城市之光》刚买回来，首页就推荐给我了，然后现在《爱乐之城》买回来首页也推荐给我了，b站你会买就多买点，首页你会推就多推点小电视赞,203,350066203,未知,积极,0.76 
那边来的蚂蚁,男,在美国洛杉矶的一条交通挤塞的高速公路上，一位有理想与抱负的女演员美雅杜兰因背诵试镜台词时忘记开车前进，跟在后尾随的爵士钢琴家塞巴斯蒂安怀德起冲突。美雅一直以来参加过无数的试镜至今却得不到演出机会，当天下午试镜的悲伤戏中还因为选角导演接听电话而打断。陷入低潮的美雅当晚被她的三位室友叫出去，参加在荷李活山（英语：Hollywood Hills）别墅举办的奢侈派对，结束时她却发现自己的车被拖走。手机没电又没车的情况下，美雅只好独自走下山丘，此时一段爵士钢琴独奏突然从旁边的餐厅里传出来，吸引美雅走进去，她发现弹奏歌曲的竟是早上遇到的塞巴斯蒂安。当时，塞巴斯蒂安弹奏一段爵士即兴式的钢琴曲，却被店主以没有遵照指定的曲目演奏而遭解雇。美雅走上前打算赞赏他，却被心情郁闷的塞巴斯蒂安擦肩无视。,849,68406017,未知,非常积极,1.00 
绮幻君,男,"《爱乐之城》是由达米恩查泽雷执导，瑞恩高斯林艾玛斯通约翰传奇罗丝玛丽德薇特芬维特洛克水野索诺娅JK西蒙斯主演的喜剧歌舞片，于2016年12月16日在美国上映。

该片讲述一位爵士乐钢琴家与一名怀揣梦想的女演员之间的爱情故事1。2017年《爱乐之城》获得第74届金球奖音乐喜剧类最佳影片2。",3382,114073582,未知,非常积极,1.00 
-炒-饭-,保密,"最后那段舞蹈打问号的ky我真是服了
这么精彩的舞蹈，音乐，构图，色调组成的视听盛宴，你们没有欣赏的眼光就算了，还要影响观者们的心情？",594,11410515,未知,非常积极,0.98 
罐装柠檬精,保密,假如一切重来，我会在第一次见面吻你，推掉工作来看你的第一次表演，我会辞掉工作，跟随你到巴黎，巴黎也有好的爵士乐，我们会有美好家庭，在孩子丢给保姆的夜晚，开车带你进去吃饭，然后一起走进酒吧，听别人弹奏我做的曲子。转载网易云《city of stars》,5714,39192120,未知,非常积极,1.00 
晴叶敖络,女,这是写给所有追梦者的情书。,1464,188697409,未知,积极,0.74 
hao,男,"当年看到结局的时候，满脑子都是拜伦的那首春逝委屈：
If I should meet thee（如果我们再相见）
After long years（事隔经年）
How shoud I greet thee（我该以何贺你）
With silence and tears（以微笑，以眼泪）",1671,37593,未知,非常积极,1.00 
羊老石,保密,"我以为，爱情可以填满人生的遗憾，然而，制造更多遗憾的，偏偏是爱情。

《爱乐之城》",3879,71969715,未知,非常积极,1.00 
月见_tsukimi,保密,"完全看不到和自己想法的评论啊。。
男主其实不算背弃了自己的理想，为现实改变一些年少时的执念无可厚非，不如说是男人该承担的。
但在承担的过程中逐渐麻木了，因为不麻木自己的心就无法坚持下去。那时女主缺少陪伴是真的，也是不可避免的，这是追求理想要承担的，但这时两人也没有太大隔阂，即使只能偶尔见一面也够了，对方眼里的爱意和坚定就足够了。
真正矛盾时是那次吵架，女主看到男主改变了，感到不可思议。看到男主因为改变迎合观众带来的成功，与自己一直坚持走的可能不收观众待见的路对比，感到心酸，感到背叛，同时也感到生活的压力，于是崩溃了。
男主后来与认识到自己与理想背道，认识到自己为了理想牺牲了与她相处的时间，于是他决定拾起理想，帮助女主，即使是牺牲以后与她相处的时间和机会。他说，我就只在这儿，发展我的club，你就放心的去拼把，我在呢。
影片最后，是两人的幻想，要是重来是这样多好但其实回到现实，什么都不会改变，不过这也好，幻想中我们相爱着到达理想，现实里我们曲折的攀上高台，重要的是现在，我们都守住的心中的那片星空，即使我们不再联系，但我们知道，我们记得，对方的一切，相遇时，热恋时，支持，理解，或是分歧，偏见到最后！他们都是我们最珍贵的，只属于彼此的，甜蜜的回忆。
相视一笑，不语。
我会一直爱你的确实，他们会一直爱着对方，不过这份爱不需要一直在一起。我觉得有点像胰脏，我们之间的关系也许超越了爱情，让我来形容这份感情的话，我会把它称为 我想要吃掉你的胰脏 。  
也许在哪个独自弹琴的夜晚，想起那一抹金发，心里泛起温暖的感觉，就够了。
那是我们的青春，和理想，和一辈子都不会忘却的爱",2558,184933468,未知,非常积极,1.00 
加冰的旺仔,女,"请哔哩哔哩选择支付方式：
支付宝蛆音娘吃惊
微信支付蛆音娘害怕
银联支付蛆音娘扶额
PY支付蛆音娘OK",2374,74686392,未知,非常消极,0.00 
赵夸克,男,也恭喜一下重映票房破了3000万,1090,357508014,山西,非常积极,0.81 
无尘君-,男,哈哈，当时电影院错过了前面三分钟，正好现在补上。,846,14931796,未知,非常积极,0.81 
尽善尽美0810,保密,这部电影我记得是情人节上映的，当时我自己去影院刷了四遍，每当音乐想起的时候我都会觉得如梦似幻，老实说我看后三遍的时候就是为了想再看一遍miya和seb的那段lovely night，我觉得真的是美爆了，从这一段就能看出两位演员当时幕后的练习有多刻苦，可是坐在我后排的一对情侣从电影开始就一直在吐槽，女的只要一有歌舞片段就会跟她的男友吐槽说这也太尴尬了吧，最后女的终于在miya和seb合唱city of star的时候坐不住了说了一句又来了，真没意思，咱还是去吃饭吧。两个人离场的时候还踢了我的椅背一下，我当时觉得很不解为什么如此浪漫的一部电影却让一些人感到尴尬看不下去甚至离场呢，我不经想问，你们在看那些粗制滥造的国产烂俗喜剧的时候都能从头笑到尾不觉得尴尬呢，为什么这么美好的一部电影却看不下去呢？果然人们在社会的大染缸泡的久了变得都太现实了，现实到已经不能接触这仅仅两个小时的浪漫了。,1201,355405183,未知,非常积极,1.00 
一块AG,保密,"女主当上了大明星，男主当上了俱乐部老板。都成为了自己想成为的人，但没有女主的点醒和支持，男主还会留在不喜欢的乐队里	。没有男主的通知和刺激，女主也不会去试镜。都是两个人都成为了对方生命中成功路上的一段过程。",159,364433265,上海,非常积极,1.00 
记忆程载,保密,来了来了，我最爱的爱乐之城2233娘第一,192,57852171,未知,非常积极,1.00 
MonKeyValue,男,Seb和Mia成就了彼此的梦想，可终究没能收获共同的爱情。但或许这已是最好的结局。,149,50057356,未知,非常积极,1.00 
Maevelous,保密,偷,110,178655025,未知,中性,0.51 
掐把虎子腰,保密,过来重温，看弹幕看得我气死了，有些人对爱情和梦想的那么一点点观念真是浅薄到，让我感到又气又可悲,120,21143271,未知,非常积极,1.00 
幼年吸血鬼激推,女,怎么不是he，相交后离开，各自度过一生。mia有了事业，还有爱她的老公和孩子，seb也如愿以偿开了club，还有很多人为他鼓掌。他们都越过越好，有那段回忆和幻想已经足够了。大哭大哭大哭大哭大哭大哭大哭大哭哭死我了后面，你们都为对方的人生做出了巨大贡献，最后的分开虽然可惜又可叹，但是真的升华了整个电影。怎么不算happy ending呢，他们是灵魂伴侣。,106,24899117,湖南,非常积极,1.00 
月下漫步者0,保密,我缓存了,105,17480314,未知,中性,0.50 
石头滚呀滚,保密,弹幕里都是群什么人？我真心觉得少学点网络术语，太多人学了几个网络术语导致语言能力下降就算了，看待事物的方式也片面死板得让我窒息。又是男主渣又是女主作的，我的天，这世上可能只有甜蜜网文可以让诸位感到不渣不作。这部电影明显表达的是一种爱情观甚至人生观，男女主角之间没有什么狗血虐恋，有的只是生活与选择，而梦想某种意义上是他们人生中最重要的部分，他们最后也成全了自己，我觉得再完美不过了。,100,32469449,未知,非常积极,1.00 
薇尔莉特芛芙加登,男,偷,98,177272327,未知,中性,0.51 
吃了五个咖喱欧包后,女,看完了，偷偷happy一下,105,52715404,未知,非常积极,0.96 
志存高远vvv,保密,和女朋友在小破站看的第一场电影，她像女主一样坚强独立，又浪漫勇敢 不是为了确定关系才去爱，而是因为爱一个人才结成伴侣。保持独立又相互鼓励是最好的模样吧 city of stars only shine for us,90,486177157,未知,非常积极,1.00 
云杉green,保密,看到女主说离开学校六年追梦，现在回去学业，这种试错可能我略微破防。结尾不吐不快，女主成功的5年演艺生涯应该是事业上升期很忙，咋就结婚娃还这么大了。虽说结婚生子是迟早的事，但安排这个结局给女主还是有种落入世俗标准的俗套感了，单身重逢对视一笑各自挥别就达不到效果吗,115,35960248,广东,非常积极,1.00 
木鸣时,女,这部电影17年情人节上映，19年七夕上映呆b站买得好啊抠鼻,2014,228199725,未知,中性,0.49 
吒儿二爸,男,《爱乐之城》我在电影院就看了四遍 ，真的太喜欢这部电影了， 原声带我也听了无数遍。很喜欢《someone in the crowded》里的一句总有一个地方，等待你去召唤也可以理解总有一个人，在等你  这句歌词当时就触到了我。不觉得很奇妙吗。想想未来的某个地方，等待着你去探索，等待着你去留下痕迹。茫茫人海中，有一个陌生人在等待你的出现，等待和你一起去召唤去解锁某些地点。虽然不知道最后结果是怎么样，至少未来某一段时间你们的人生是相互交织在一起的。,86,3643182,未知,非常积极,1.00 
BG哥哥,保密,没有一部电影后劲这么足，以至于我三年后还久久不能忘怀。看完之后，你是否又想起那个人了呢？,95,13379922,未知,积极,0.79 
蛇蛇大魔王s,保密,我并不羡慕与你同框的他反而庆幸自己能更早遇见你在懵懂时领略了你年轻明媚独有的风情在这短暂的人生中与你有三年的同路之缘在这稍纵即逝的青春中爱过你我已经  不朽了,82,10163270,未知,非常积极,1.00 
子寒大魔王,男,"脱单doge六年前我看的时候22岁刚毕业，单身
微笑六年后的今天我28了，依然单身
OK我相信再过六年我再看的时候可能还是单身，到时候再来恭喜自己",80,9192906,江苏,非常消极,0.13 
railgun超軌道炮,保密,明,77,271594465,未知,积极,0.61 
晋江小熊画漫画,保密,以前总是觉得自己配不上好的东西，但是看完电影之后想想，我自己又不差，凭什么不配，现在一个人在大学的城市租房考研，文化专业双第一的我一定配的上最好的学校，不能因为曾经的失败就放弃呀,76,1964738,未知,非常积极,0.99 
星星该学习了,女,怎么弹幕里看有人说男主配不上女主或者女主配不上男主的大无语,74,439589633,河南,非常积极,0.95 
恶堕纯良路人,女,先看了一遍无弹幕版，后来又开着弹幕看了一会，真是太失望了，弹幕质量真的堪忧，见到歌舞就是迪士尼或者阿三，还有各种诸如抖肩舞ky，拜托了小朋友们，除了玩一些烂梗能发些科普或赞美之类有意义和素养的弹幕吗不要只会模仿成为缝合怪啊捂脸,777,121864238,未知,非常消极,0.00 
一只咔咔猫,女,色彩搭配真的美爆了呀！！！,79,23860207,未知,消极,0.28 
腐·姬,保密,真的，现在在b站看电影都不想开弹幕，这几天二刷乱世佳人爱乐之城，弹幕素质真的低下，莫名其妙打？的说尴尬的刷迪士尼的，导演的想象力和镜头语音在这些人眼里就只值一堆？真的这些人就不要来看了吧，还有弹幕里一个个鉴婊达人鉴渣达人建议你们看不下去接受不了就不要看，自以为是地说这个渣那个渣，殊不知是在用你自己的愚昧无知来污染其他人的眼球。,70,5290163,未知,非常消极,0.07 
绅士基佬紫,男,"除了讲述男女主相互吸引成为彼此灵魂伴侣到最后相互鼓励各自支持彼此实现了各自的梦想，但是二人对彼此说出我会一直爱着你。分开多年后相遇，他开着她命名的爵士酒吧，她在因他的鼓励走上的演员人生上灿烂着，听完俩人相识的钢琴曲，弹奏完只有相互一笑，眼神中互诉着想说的我仍旧深爱着你。
结局的回溯剧情让两人否决了所有导致分开的因素，幻想中仍旧幸福的两人在听完男主的演奏后望向彼此，她们心中知道，那样的人生也很完美，但是过程中缺失了二人为理想奋斗的过程，而那个过程才是吸引对方的爱情。",69,6878183,未知,非常积极,1.00 
多啦bilibili梦,保密,再再再再次（也数不清今年的第几次了）欢迎大家来到我们bilibili矿业无限公司参观，你们放心！钱！就TM是数字！没有！意义！买！就是一个动作！不在乎！看得爽就得了！大不了明天关门倒闭！走你！,85,15644061,未知,非常积极,0.96 
VegRaze_菜蕊芓,女,不同年龄看感受不同，第一次上映去看除了美丽还觉得有些无聊，几年后看为男女主分别感到伤心，现在看会会心一笑不再悲伤。支持这部电影真是太好了，时间越长越有韵味。,66,13123449,江西,非常积极,1.00 
天选码字圣体,女,"Warning 这是个歌舞剧，看不习惯的左上角。这是个歌舞剧，不要看见跳舞就扯印度。至少我觉得爱乐之城是歌舞剧这件事是常识。
这是个歌舞剧，这是它的表现形式，说尬的人没有情怀不怪你，没有感触也不怪你，但请不要影响别人的观感。也请不要刷名字刷问号。
这是个经典的歌舞剧，之所以经典就是有它的理由，如果你不理解不喜欢，那就去看你自己喜欢的东西。不要试图诋毁，那会让你看上去像个庸俗的傻子。
最后一遍：这是个歌舞剧。",94,34996495,未知,非常积极,1.00 
昊天丹青,男,电影里的场景可能有的地方已经消失了大哭,59,404478412,湖南,非常积极,0.95 
恩愛日程表後衛擦,保密,非常好電影,57,1813975080,未知,非常积极,0.89 
刚才刷牙,保密,上映那天一个人在电影院看的，觉得没有比这更好的结局。彼此爱过经历过，一起陪伴对方走过人生最重要也最艰难的路，最后各自成长，实现梦想。即便沧海桑田，即便垂垂老矣，也依旧是彼此记忆里最美的样子。有遗憾的爱是最美的爱，而在一起的爱只能说是尘世烟火气的爱。所以我觉得这部电影是艺术。,70,42243580,未知,非常积极,1.00 
卢卡斯爱吃香菜,女,第一次看到这里的时候我幻想这是平行时空的mia和sebastian的结局，赞叹于导演的审美与想象，可惜最终不过繁星作梦一场，但最终他们都实现了自己的梦想，这又何尝不是一种浪漫呢，我们希望他们回到相爱时期的缠绵，虽然最终二人没有在一起，但是爱是不随时间消亡的，过去亦在未来之中，未来也亦在过去之内，此刻他们的爱情达到永恒,16,525723753,福建,非常积极,1.00 
pipiDFeng,保密,结尾和大话西游一样将全篇升华了，将爱情高高举起后没有轻轻放下，没有戛然而止，而是来了个郑重的告别，终归没让美好随着爱情的逝去彻底消失，反而跟着梦想责任等不断延续下去,59,364191033,广东,非常积极,1.00 
就是非白啊,保密,"讲了一个普通的爱情，却又不普通的爱情，我爱你是因为你和我一样怀踹梦想，我爱你不是因为你的梦想与我相同，也不是因为你懂我的音乐，表演。甚至你都不理解我在做的是什么。这不是伯牙与钟子期的故事，但他们就是伯牙与钟子期，你不喜欢jazz，你其实更喜欢在循环演出的流行音乐。但这并不妨碍在你知道这不是我想要的音乐，哪怕我自己都迷茫在现实和梦想中，
在我放弃六年的小龙套生涯，我自己都在怀疑自己不抱希望的的时候。是你坚定的看着说你会得到那个角色的，你一定会得到那个角色的。
在这部电影中原来爱情不是看你为我付出了什么，为我放弃了什么。我不要你为我改变你就应该活成你想要的样子。我爱的是那个怀揣梦想的你啊！失去理想选择与现实妥协的你还是我爱的那个你吗？
正因为我爱你我选择放手，我不希望我的爱改变了你梦想。在这段爱情中曾经我们相辅相成，互相提醒，照亮对追求梦想的道路。而现在现在我们要分开了，我也曾想过放弃我的理想去帮助你继续下去，帮助我们延续感情但是我现在明白了我们不该去改变自己也包括你的梦想。
这样一幕让我仿佛看见速7里面保罗的告别用笑容谢幕，你看着我的眼睛方法我有话要说，但除了微笑，没有留下只言片语，我们也如同保罗和范迪赛尔一样在交差路口告别，各自开向不同的地方。
再相见已经是六年后，我终于开了那家你取名叫sebs的俱乐部，我可以在这将纯正的jazz带给别人，你也成为在剧场别人会用羡慕的眼光注视着你，也会人要求给你的咖啡免费。你也可以一笑大方的说不用我自己给的演员。
再次相遇我为你弹起那见证了我们爱情的开始到结尾的city of stars
在熟悉的旋律中我们仿佛会到了第一次见面的时候，如果当时第一次见面我还去吻你，如果我拒绝了乐队的邀请，如果我放掉工作去看你的第一场演出，如果我在面试结束的坚定的告诉你我们要在一起，如果我是在巴黎开的那家jazz俱乐部
可是没有如果，曲终，梦醒，人散，我们两个各自看着对方，你看着我的眼睛如同有话要说，我们只是微微一笑。没有别的动作，没有语言的告别。只是一个眼神就够了我知道，你也知道",51,437257352,未知,非常积极,1.00 
Aquefix,男,希望弹幕里不会有表白和刷人名的囧,50,7570480,未知,消极,0.34 
日日是好日阿,女,偷,128,12772490,未知,中性,0.51 
随_便-吧,女,我就不明白弹幕一堆人男主养女主男主养不起之类的，女主是小猫小狗吗还用得着养？还有为了女主放弃梦想的？？？？？？？这是他自己的选择，说这话的人自己在现实里毫无担当把锅推到别人头上？,48,38597655,未知,非常积极,1.00 
直接滑铲,保密,爱乐之城 其实有你的城市  哪里都是爱乐之城,48,87915172,未知,积极,0.79 
我的火车走了,女,来看不是ken的高司令,48,915574,四川,积极,0.62 
Moon-David,保密,你选择出国攻读科研，我想要继续做这个投入大量心血的项目。你是我的初恋，也是我至今为止爱过的唯一一个女孩，谢谢我们能陪伴彼此八年。我已经放手了，因为我没有权力让你为了虚无缥缈的未来忍受眼前的痛苦。我只是有点舍不得，舍不得那一条我们结婚一起养狗一起去海边自驾的世界线。那个故事再也不可能了。,45,26939606,广东,非常积极,1.00 
摩尔磨牙,女,doge被90婚介所安利的电影，第一刷,60,11414454,未知,消极,0.22 
Ryze大春子,保密,在b站看这种电影真不能开弹幕，一点氛围都没有，一群人还自以为是的觉得自己很幽默在我看来真的幼稚且低俗,43,129104674,未知,积极,0.77 
龅小兔,保密,我从婚介所来的偷笑,48,41245550,未知,非常积极,0.83 
ziiannsksnn,男,支持支持支持,42,508179110,未知,积极,0.79 
Dhyd-opyk,保密,给心心,66,45038224,未知,积极,0.75 
Mars记录仪,女,爱乐之城想起高中时体育课偷跑回去看手机里缓存的lalaland，被班里很有浪漫情怀的男生发现，俩人挨一起戴同一只耳机看了男女主跳舞，当时紧张到心不在焉，脸一定是好红好红。现在毕业了，我被淹没在各种考试中，他放弃大学踏上背包客的旅行，看着他走走停停去看大千世界的决心，真的很羡慕也很佩服。,40,18531150,未知,非常积极,1.00 
Ariana犊犊日记,保密,藏狐藏狐,7066,439681242,江苏,非常积极,0.95 
LYY-online,男,stole,66,433291108,未知,中性,0.50 
小狗好大爸好,女,"又回来看了电影院里朋友哭完半包纸巾的电影
也是少数我觉得be比he更有味道的电影",38,442376102,上海,非常积极,0.84 
血液里面的诅咒,男,这是第三次，第一次看完特别想找个女朋友，第二次和女朋友一起看觉得有爱觉得甜蜜因为和自己爱的人一起看，第三次看已经开花结果孩子两岁，日常琐碎孩子哭闹消磨着我们，这次看觉得爱情来之不易能在一起是多么幸运，爱而不得多么痛苦，让我更珍惜眼前的一切,38,20515792,河北,非常积极,1.00 
王哥饿,男,推荐男主的恋恋笔记本，也很好看哦,37,38952426,未知,非常积极,0.93 
最后的宝学家,男,"我甚是都不知道b站买了这片 想在b站找点好看的片点进放映厅推的全是近期买的烂片。。。
这个页面真的做的有问题 想找点以前买的经典片子根本没办法",36,562385,未知,非常消极,0.00 
Byemylove-,保密,这部电影是看似be的he，很遗憾，但是绝不后悔，就算重来一遍也不会为了爱情放弃自己的梦想，他们之间吸引彼此的也本就是这种为梦想坚定向前的魅力。,35,8155429,海南,非常积极,1.00 
立扑,保密,the first movie to watch with you online爱心,33,9047300,安徽,中性,0.58 
愿天堂没有鸽子,保密,"一旦mia和seb中的一个人放弃了梦想，选择了爱情，也许在日后的小矛盾中，妥协的这一方在任何问题出现时都会开始往我当时为你放弃了那么多，你却没有让我心满意足发展。妥协带来的高期待或许会击溃浪漫，让二人永远达不到片尾蒙太奇的幸福。
要是二人都没妥协，那么就是影片里的结局，二人各自成为了自洽的个体，但因梦想不同，最终疏离了彼此，留给彼此的只有片尾的美好想象。
所以我一直觉得影片里的结局就是最完美的了，梦想和个人成长上，二人都成了自洽独立的个体，实现了自己的梦想；爱情上，尽管由于我们理想不同，分道扬镳，但建立在这份独立自洽上，我们的爱还保留着初始的悸动，不被尘世污染，所以每当我看到ta的眼睛，我心中的爱叠加这许久不见的感慨会如排山倒海般涌来。
归根结底，一切的一切都在于人生的价值观是否契合，如果不契合，seb和mia的结局就是最浪漫的范本。现代意义上的爱情不可能不建立在自身的独立和价值上的。",32,47157251,福建,非常积极,1.00 
界限爱恋,男,？这电影之前没了吗？啊对国内重映了一段时间是吧,32,33340507,内蒙古,非常积极,0.89 
账号已注销,保密,好忙好忙委屈委屈忙到电影都要分两次看完委屈委屈大哭大哭大哭,32,302434971,江西,非常积极,1.00 
嘿_C瑞,保密,哈哈,55,372342343,未知,中性,0.53 
-叶富强-,女,啊，脸盲在女主和她丈夫接吻的时候才发现不是seb大哭大哭大哭，本来特别感动，以为是男主偷偷开的俱乐部，假借堵车带她下去，给她一个惊喜大哭大哭大哭，还很开心，这就是爱吧。结果倒回去看发现早就把人认混了,31,22684048,未知,非常积极,1.00 
木龙子天,保密,我从婚介所来的,30,496233688,未知,非常积极,0.84 
阿豆真的很快乐,女,值得反复看的一部电影，但是弹幕真的破坏心情，又是道德小卫士又理解不了为啥在星空里跳舞，真的别看了，不适合你,30,1656289,甘肃,非常积极,0.98 
--林渊-,男,"我不记得这是第几遍看了，maybe第四或者五遍。
   关于爱和梦想。不仅仅我们自己热爱，人们也喜欢被倾注了热爱的事物，热爱具有温度它会感染吸引并感动我们。勇敢一些吧，当我们挫败或沮丧时，再坚持一下吧，明天会是新的一天；当你的爱人朋友甚至是陌生人陷入两难，满眼失望时，鼓励一下他们吧，借给他们一些勇气，因为明天可能在你失意时他们会还给你。
   关于爱和爱情。我想人生若只如初见，何事秋风悲画扇。这可能是坚持的后果。爱不是一定要得到，如果我爱，我可以为了爱而放手。因为我爱，爱他她本来的模样，不委曲求全，不一味妥协。爱他她的热情；爱他她的不羁；爱他她的桀骜不驯；爱他她所爱。所以如果我的爱移情别爱，我会尽我的努力赠予他她祝福，虽然那过程可能艰难痛苦，但是缘分让我们在这一世相识一场，至少要有一个人能够得到自己想要的。我想那样就可以会是人生若只如初见，人生只如初见。
   勇敢地爱吧。热爱我们热爱的一切。",30,441818536,江苏,非常积极,1.00 
现在也超困,女,和第一个男朋友看完就分手了。。。。全程动手动脚我当时只想好好欣赏电影啊Cat2Boom,29,52198077,未知,非常积极,0.96 
WitherMind,男,今天在音乐会看了这部片子，听了不少曲子，在现场还看哭了偷偷擦眼泪大哭大哭,29,262948845,浙江,非常积极,1.00 
贝比吧你,女,嘉然20好好好嘉然20好好好嘉然20好好好,29,130695397,未知,中性,0.51 
加藤惠Hiyori,保密,我舅妈曾在巴黎住过一段时间，记得她每次来我家就会给我们讲，异乡生活中有趣的故事，我记得有一次 她告诉我们 她曾调经大胆跳进过冬天的河水，赤着脚，丝毫不露怯色，纵身一跃，一头扎进塞纳河，河水太冰冷，她打了接下来一个月的喷嚏，但她说 要重来她还会再跳一次。,37,53046426,未知,非常积极,1.00 
星瞳小女友_Official,男,90婚介所告诉我们 想脱单要看lalaland,32,583663309,未知,中性,0.58 
jenny,女,这部片最精髓的就，真正的爱情不一定会走向婚姻。婚姻和爱情是没有什么必然关系的。,27,128004,未知,非常积极,1.00 
哈鳄梨,男,那年七夕。。。跟基友约的，还放了他鸽子,27,12237403,未知,消极,0.21 
他们为什么在笑,男,You got the invitationyou got the right address，You need some medicationthe answers always yes，A little chance encounter，could be the one youve waited for，Just squeeze a bit more，Tonight were on a missiontonights the casting call，If this is a real audition，oh God help us all，You make the right impression then everybody knows your name，Were in the fast lane，Someone in the crowd could be the one you need to know。,27,26645534,未知,非常消极,0.01 
゜゜抬头无星,保密,"进入影视区找99分电影。
看之前：98分妙啊名字有点意思，看看是啥。
看个开头：什么东西一脸迷惑。
看一会：原来是磕cp电影追了。脱单doge
看一半：男主别急啊，女主多理解下啊捂眼
看到后面弹幕意识到有什么不对。
看到冬：心脏骤停囧mmp怪不得你98分，磕的cp没在一起大哭不光是角色的遗憾，还有我的生气
最后在结尾的钢琴声中慢慢释怀。
导演，我可真是谢谢你啊热词系列锤",35,178956093,未知,中性,0.43 
夏天爱吃三文鱼,保密,我也想试一试那种一打开就几千条消息的感觉,54,9332377,未知,消极,0.30 
_失信执行人员_,保密,"看完心里暖暖的又酸酸的 冬春夏秋冬分别对应两人的情感发展 美好的色系和人物的服装相对应 巧妙运用色彩突显人物心理 两人从冬互不相识到春见面初识再到夏含情脉脉 最后又回到冬分道扬镳 情感与背景色系相呼应 很有代入感 音乐剧的形式真的很不错
最让我感动的还是最后seb和mia在sebs的俱乐部相会 seb弹一曲 既串联了前面所有过程 又反映了两人心中所想 如果在一起是多么美好 影片没有直接反映两人分手 只是从分手后再相识的场景写出以往的美好 又以音乐剧形式加以呈现 真的很震撼很喜欢 最后两人回到现实生活 在曲终相视一笑 既有对过去的回望又有对春天的展望与释怀 这也许也是一种好结局 两人都去实现自己的梦想了 冬天以后又是春天",26,327020505,四川,非常积极,1.00 
双人里昂,男,"男女主的经历跟我和我前任的神似，特别看到电影院那里，屏幕上画面和脑海中的记忆渐渐地就叠到了一起，当看到大手和小手终于从边缘探索到紧扣的时候，我只想着当时我怎么没有勇气给她一个吻。
女主独角戏完那段也是，我记得我小学二年级的时候在文化艺术节上当全班唯一的男主唱，到我的词时我刚开口唱两句就听到了唏嘘声和前排的私语，哇这个小男生声音这么难听都敢上来啊？就是就是这公鸭嗓还来唱歌，这班里是没人了么？我当时没觉得有什么，但是表演结束后我在厕所里卸妆时哭了。越想越觉得，他们说得没错，没办法，我就是因为每天兴致勃勃地给小伙伴们科普知识跟兄弟们吵吵闹闹所以永远都是沙哑着的。不过，后来每年的文艺晚会我都上台担任c位；到了初中的时候我的兼职中有一项就是业余cv；到了高中的时候，我加入了学校广播部，因为声音苏而表白我的女生应该不下三十个，而自从我成了校史上第一个高一就上台的主持人后更是在学校里一炮而红，晚会结束当晚就有个初二的女生在表白墙上说要推倒我。emmm，可是这么多年过去了，我还记得清清楚楚那天在台上听到的唏嘘声和嘲讽，记得每一个用词语气，我知道米娅当时听到这些话的感受，不是对他人的恨意，是对自己无能的痛苦，所以后来我学会了做自己，没必要跟别人妥协追求别人想看到的闪光点，你只需要找到并改进发挥出你自己的长处就行。",34,25256339,未知,非常积极,1.00 
超大章鱼丸真好吃,男,整天说歌舞就是印度的是什么文盲？整天说歌舞就是印度的是什么文盲？整天说歌舞就是印度的是什么文盲？整天说歌舞就是印度的是什么文盲？整天说歌舞就是印度的是什么文盲？整天说歌舞就是印度的是什么文盲？整天说歌舞就是印度的是什么文盲？整天说歌舞就是印度的是什么文盲？整天说歌舞就是印度的是什么文盲？整天说歌舞就是印度的是什么文盲？整天说歌舞就是印度的是什么文盲？整天说歌舞就是印度的是什么文盲？整天说歌舞就是印度的是什么文盲？整天说歌舞就是印度的是什么文盲？,60,14237095,未知,非常积极,1.00 
Imperio在发呆,男,"无论看几遍，还是太爱这部电影了
理想与现实的冲突，那些因生活而退步的妥协，因种种事情的遗憾
爱着对方却又不会因爱着ta而阻碍ta追寻梦想的脚步
明知道让对方走就是不可能再回头，但还是要顺其自然，wait and see
我爱你，但是又远远不止我爱你",24,40078716,未知,非常积极,1.00 
てれさぱんだ発見,保密,嘉然笔芯嘉然笔芯嘉然笔芯,24,5802817,未知,消极,0.37 
被规定的自由,男,b站弹幕是真的低龄化严重，多好的电影非得分析个谁对谁错，眼里不是好人就是坏人，一个个都tm是感情大师。,56,25277953,未知,非常积极,1.00 
揪一颗荔枝给阿喵,女,虽然哭得好惨，但是意外地释然,23,33703486,未知,非常积极,0.99 
李宫贺,女,电影院三刷的片子，第一次看是因为标签写着歌舞，没想到看完痛哭流涕，为我认为不圆满的结局而感到遗憾；第二遍看完回家立刻写了观后感纪念下来；又带着略微悲伤的心情看了第三遍。大哭了三次，至今《city of stars》还是我有时的单曲循环。时至今日看到b站上线，内心都激动不已。这两年经历些事，也不那么觉得结局不尽如人意了。太爱b站了。,23,16652456,未知,非常积极,1.00 
送你一封笑忘书,女,和年仅九岁的妹妹一同观看，看到后面，我下意识问他们到哪了？妹妹回答去到了一个世界暂停的地方。,26,29518952,江苏,非常积极,1.00 
叫我巧克力张张包就好,女,"关于电影中幻想的那一段说一下我的理解 
首先seb和mia的分开是必然的 但是如同他们在分开是说过的那样 他们会永远彼此 他们在对方的生命中是不一样的烟火 这样的爱如初恋般的美好又超越初恋  
其次seb和mia分开的原因  他们都是有梦想的人 或许中途有过徘徊不前和迷茫无措 但他们有着独立的灵魂  这就注定了他们之间不存在一个人为了爱情牺牲梦想的可能 seb不能放弃自己在当地创建自己的爵士音乐俱乐部的梦想而陪同mia追寻好莱坞电影梦 mia不能丢弃试镜机会而留在当地 这让他们爱情提前面临分开 可我又为这样独立的他们着迷 电影后段我哭了 但觉得真实
最后表达一下 我很爱电影后面幻想的这一设定 它让我重温了seb和mia当初的美好记忆 也让我见识了假如有人放弃梦想 他们在一起后的样子 真的真的是很好的设定  电影结局有遗憾但它真实的让我不得不喜欢  我看到了爱情是相互独立 相互尊重的 我不希望爱情中任何一方要为了对方放弃自己所坚守所热爱的梦想  希望很多年过去 不后悔自己曾经的决定",22,2079882516,未知,非常积极,1.00 
放薯假了,保密,为什么要标中国大陆重映的日期疑惑我一开始没看过这电影但是这电影的几首曲子以前听过 我还以为是电影没出歌先火了笑哭,22,1014753371,广东,非常积极,1.00 
我不吃夜宵了,女,哈哈哈,22,106643322,未知,非常积极,0.87 
饮茶说,男,我有一个爱了十年的女孩子，我们高一相识，大二相恋，寒假里我们一起看了这部影片，放映结束后，我说，或许这样的结局才是完满的，她问我，为什么？当时我没有答上来，六年过去了，如今的我有了答案。大三结束之后，她去了英国读研，我们从异地恋变成了异国恋，即便我们曾在未装修的新房里，互诉衷肠，我说会等她回来，她也说会永远爱我，可终究敌不过时间和空间的双重考验。随着沟通的频次越来越少，我们终于还是分手了，她后来在感情里屡受挫折，我每天陪她和平精英，度过了那段时光，总以为那算我们的续篇，没想到却成了终篇。后来，她又开始了新的感情，我们也渐渐不再联系。我相信善良的她，已经找到了本就属于她的美好生活，而我这个穷小子，能有过这样一段美好的回忆就已经相当知足了。正如影片中的结局一样，我会微笑着目送她奔向自己的幸福，而我则需要继续低头，为了梦想耕耘，我也会像自己说过的那样，会永远爱你，只不过是以其他的身份。,22,326652094,未知,非常积极,1.00 
一颗毛绒球,保密,人生电影。。,24,27819553,未知,非常积极,0.95 
#NAME?,女,爱乐之城真是长在我审美点上的电影,20,156703130,未知,积极,0.77 
FimmyLee,保密,哈哈哈哈哈哈这就是贴脸开大吧请吃红小豆吧！喝水,8,28010410,广西,非常积极,1.00 
浮生安歇,保密,我是从婚介所来的,19,480469918,未知,非常积极,0.84 
吉良家今天的饭n,保密,这个电影后劲太足了，导致我有段时间听到City of Stars就会狂哭,19,5297631,未知,非常积极,0.82 
江冻梨,保密,最后那段不叫精神出轨 而是满满的遗憾和追思。,19,350665402,重庆,非常积极,0.96 
喜剧雇佣兵,保密,20190826晚十点零六分，中央6艺术影院开播，译制片《爱乐之城》2017年，美国,19,407692320,未知,非常积极,0.85 
消灭所有浅烘咖啡,保密,seb和mia已经相遇在了最合适的时间点。即便将时间拉长到他们独自奋斗已经功成名就，mia依然会因为音乐走进某间酒吧，但看到台上弹奏的seb她一定不会有当时的感觉。他们喜欢的都刚好是那个时间段的彼此，一段关系能让对方互相成长。这已经是最好的结局了。实际上个人认为最后的那五分钟甚至有点嘲讽，因为无论如何他们都不会放弃梦想而去选择爱情。如果你认为他们在一起就是最好的结局那你其实没看懂，其实当他们没有在一起时才是最好的结局,19,7143353,湖南,非常积极,1.00 
云の此方,女,真的爱歌舞片,19,1673971,未知,非常积极,0.89 
F134715,保密,从B站婚介所过来的 吃瓜,22,260587837,未知,非常积极,0.81 
雁夕笙,女,大哭明明两个人最后都功成名就，实现了梦想，一切都那么的完美。但是他两为什么不在一起啊啊啊，我不管谁对谁错，我不管物是人非，我就是要他们两个在一起啊啊啊啊大哭大哭大哭大哭大哭大哭大哭大哭大哭靠，眼泪止不住了,22,396787909,未知,非常积极,1.00 
沐歆Dom,女,男主弹最后一曲的时那种遗憾和憧憬，两人的暗流涌动让我人都哭麻了。就算不在一起，也会一直爱着彼此委屈,18,29186515,浙江,非常积极,0.99 
异色眼融合人,男,很美很浪漫的电影，画面景色分镜构图非专业不谈，剧情结构比较分明易懂，于是产生了能预测到剧情的心态，观影过程内心并未泛起波澜，直到劲爆尾杀：幻想出来的另外一条理想时间线，以为要再次擦身而过的那一拥吻，看得我直接坐直了。就是要这种结局才好，如果只是简单在一起那就归于平庸了，就是要这种错过但彼此都让对方成为更好的人始终在心里留有对方的感觉才酸爽，确实担得起神作的称呼。,18,94720956,陕西,非常积极,1.00 
Syiuan,男,我放你去了没有我的未来,18,10420613,未知,非常积极,0.84 
洛萱颜,女,在这个眼神里，他们已经度过了一生,18,29369105,未知,非常积极,0.97 
入夏_,女,是谁2022年的情人节还在为La La Land流泪，是我2233娘大哭,18,5689804,未知,非常积极,0.97 
肉肉城,女,看了90婚介所超级磕一对cp 他们都喜欢爱乐之城我来看看 害羞害羞给心心,17,217319621,未知,非常积极,0.85 
毛球TwT,保密,看过多少遍都不影响我重映再看一遍！喜欢喜欢,17,94080372,广东,非常积极,0.93 
阿铋斯我们做吧,女,b站评论推荐怎么莫名其妙的？之前的高赞评论怎么都没了,17,209440225,陕西,非常积极,0.83 
木樨久兮,保密,如果能再见到你，时隔多年，我该如何致意，以沉默，以眼泪，以微笑，还是淡淡一句别来无恙？,17,29085519,未知,非常积极,1.00 
Wacbde1,保密,这部电影配乐非常顶级，无愧于奥斯卡,17,1720567855,未知,非常积极,1.00 
霍宝Moira,女,绝美的作品,16,12344893,未知,积极,0.71 
脑人,女,哇看弹幕一到歌舞就开始迪士尼行为真的挺影响观感的，本来开弹幕是想找有共鸣的人一起欣赏歌舞。get不到歌舞剧就不要影响我们喜欢的人的心情了tv流泪,16,2204574,未知,非常积极,1.00 
有竹也,保密,萤火虫之墓之后第一部哭得那么惨的电影。其实知道不可能了，也做好准备了，但导演真的很狡猾。他知道我心有期待，于是用毫不突兀的超现实主义风格演示了一场happy ending，然后音乐像潮水褪去，然后米娅离开。一点儿幻想也不肯留给我。,16,3719632,未知,非常积极,1.00 
秋秀与琪,保密,那一眼，我和她过完了一生，亦是无怨无悔，祝安我的朋友,16,322982704,未知,非常积极,1.00 
清汤丸子锅,男,后劲太大了蹑手蹑脚的打开电脑，上GTA后抢了一辆男主款的老敞篷打卡位置，大哭,16,13908446,福建,消极,0.27 
温草性人,男,弹幕呢？,16,14343827,未知,积极,0.75 
老甜橙_,男,之前因为这首歌网恋被骗，对方还是男的。,19,404694355,江苏,积极,0.70 
杨YBAA,男,我完全没有办法想象，如果能遇上这样一位灵魂相依的伴侣，共渡了这么多的日日夜夜和数不清的困难，却能和平的分开并再爱上另外一个人，把身心重新交给别人大哭大哭大哭,19,100704021,未知,非常积极,1.00 
嘉然小姐我爱你,保密,第一次看，不要看弹幕，你可以有自己的理解嘉然笔芯,15,38902215,未知,非常积极,0.89 
pillowwcatt,保密,个人选择罢了，评论很多人喜欢搞升华来修饰另一种选择并强调爱是复杂的，不否认爱本事很复杂，但是这个剧情里爱情梦想并不矛盾，哪有那么多故事，结局单纯就是女主没有选择跟男主一起的生活。5年为真爱根本不长何况看着剧情根本不像5年那么久，孩子都满了一岁多说明结婚是2年前的事情，这电影让我想到《那些年我们》还有朴宝英演的《你的婚礼》这类电影也想到了one day 其实归根到底大众更喜欢共情这类影片，如果结局大美好显得很单调，毕竟大部分人拥有不了事业爱情双丰收的人生，但是对我来说这就是不够爱，是一种选择罢了，她们觉得这种爱情才是不肤浅才是美好的在我看来是一种对生活妥协后的自我安慰，因为这就是他们的现实生活所以更能共情这种结局，大部分爱情剧都是这样结尾让人们耿耿于怀就像罗密欧与朱丽叶泰坦尼克号等。其实也有部分人是男主想象里的那五分钟生活，就像《恋恋笔记本》《时光恋旅人》，所以归根到底看个人选择，这就是为什么我更喜欢恋恋笔记本。,15,674715660,新疆,非常积极,1.00 
碎月之海,保密,隔了一年多再看，为什么多了很多愚蠢的弹幕？不是在骂男主就是在骂女主，要不就嗑cp嗑昏头的，到底看懂这部电影了吗？,15,3011231,广西,非常积极,0.88 
NoW1ne,保密,有些人是真的很喜欢这部电影，还有人说评论装文艺的这个世界上总有和你不同的人大可不必如此揣测,15,286467187,浙江,非常积极,1.00 
菲布理さま,保密,city of stars,15,402154208,未知,中性,0.47 
账号已注销,保密,没想到自己最喜欢的电影的剧情发生在了自己身上,18,110745353,未知,非常积极,0.96 
真不吃香菇,保密,谁懂90婚介所简直就是这个电影的安利官于是我看完了,14,8878558,未知,非常积极,0.95 
Luc1d_,保密,"弹幕这个智商。。。

男主女主吵架时明明大家都没错 只是沟通有问题 
有些人就是要分个对错出来

女主有孩子了又说生气 
女主没有因为爱情影响前进的脚步不是很棒吗
一群没经历过社会毒打的小屁孩 
过不下去不得换个人吗？一定得吊死在一棵树上才舒服？
就不允许别人拥有新生活吗？",14,318869647,未知,非常积极,1.00 
今天也期待着,保密,当初上映时不明白为什么最后会分开，但现在觉得就是因为他们太爱彼此了，都不希望对方为了自己而放弃梦想，于是决定放手，让对方变成最好的自己。,14,35516962,未知,非常积极,0.94 
超神小况,保密,"呜呜呜，评论弹幕还在
b站，下次别这么玩呢大哭大哭",14,364398023,重庆,非常积极,0.98 
抱着自己の弦瑟,男,蛙趣,14,24509209,广东,中性,0.50 
识归途,女,每一首音乐都完美契合剧情，从欢乐的开场到忧伤的曲子结束，两个相爱的人渐行渐远。遗憾不舍，回眸彼此相望的一瞬间，却再也回不到过去，哪怕在脑海里想象已经过完了一辈子，那种幸福却只存在于if线，偏偏还要拍出来与现实做对比，太令人伤痛了。,14,18229650,湖南,非常积极,1.00 
7youaraeee,男,本来以为我对这种电影不会有太大的共情，结果哥们看完直接缓不过劲，挖槽难以描述，只能说真的好看，不是什么文化人，说不出什么词，只能说句牛逼,14,397354901,广东,非常消极,0.07 
八百个搜索词条,保密,哭了笑哭男女主好歹还最终完成了梦想 有太多人最后梦想和爱情都一起走失了,14,1481252445,黑龙江,非常积极,1.00 
吃炸鸡的呆毛兽,女,这么看来，90婚介所那两个人当知道对方最喜欢看lalaland是多么激动的一件事,17,30984332,未知,非常积极,0.98 
Ko_Season,女,"看了三遍了哦。还是好喜欢。每次的泪点和感受都不一样。从觉得是个BE到觉得是个HE再到觉得是一个既不是BE又不是HE的结局。因为有太多的东西缠绕在一起。
这次看也能从除了剧情方面感受到更多的镜头语言，其实很多也在暗示剧情和结局发展。很喜欢里面一些强烈鲜明色彩的服装，对对比色的大胆运用，以及构图和运镜，最主要的还有从头贯穿到位的主题音乐以不同情绪渲染反复出现。
一部充满偶然，色彩，梦想，浪漫，以及必然的作品",17,23531368,未知,非常积极,1.00 
是你在窥屏嘛,保密,一开始我以为我看不懂，但是越看越有味道。不光是表达的情感无声而细腻，在艺术手法上也是。看多了傻白甜夸张的纪实青春文学，才知道为什么有的人偏爱看外国片子，确实会在表现的艺术手法上以创新，而不是抄来抄去。,16,143596113,北京,非常积极,1.00 
黑白键00,女,石头有《爱乐之城》，加菲也有《倒数时刻》了,13,291995952,未知,积极,0.79 
草莓漏奶华,女,"但凡真正搞有个性的文学艺术的人都会泪流满面
但凡真正经历过刻骨铭心的爱或友谊都会明白分开不是不爱，而是太爱了，太想为对方了，最后累了",13,175756779,未知,非常积极,1.00 
福娃Froid,女,我觉得这部电影最可取的是，描述的是两个精神独立个体的爱情，没有谁要去迎合谁，不以奉献和妥协为中心，不会为了融为一体而失去自己，爱情理所应当是陪伴和理解。爱乐之城,13,152027016,未知,非常积极,1.00 
宣告黎明の露之歌,男,bro别以为你的分手是因为你去追求理想了,13,57765108,浙江,非常积极,0.88 
桃片逐雪涛,女,世界上有那么多的城镇，城镇中有那么多的酒馆，她却走进了我这一家,13,2124991276,贵州,非常积极,1.00 
A7在房间,保密,每次情人节都会给身边的小情侣推荐这部电影藏狐,13,290718768,山东,非常积极,0.99 
幽霊切,男,"看之前：听说男女主没在一起，哈哈开玩笑爱情哪有事业重要？
看之后：我不管，最后那段就是真的，他俩就是在一起了！2233娘大哭",13,1861177,辽宁,非常积极,1.00 
只眼只足Oo,保密,什么时候把马戏之王买来！！！,13,16737142,未知,消极,0.24 
王长苏苏苏,保密,再来亿遍,13,46477709,未知,积极,0.63 
冷面小犄角,女,不说多的，隔几个月看一遍爆哭大哭转战怦然心动疗伤,12,14934556,未知,中性,0.48 
WSDWDWSW,女,有时候在b站开弹幕看电影给我的感觉就跟我在电影院看电影但是周围都是小学生的感觉一样。,12,11516317,未知,非常积极,1.00 
起个啥名呢----,保密,没有浓浓的剧本味，这是平凡的理想和朴素的感情,12,153882804,山东,非常积极,0.99 
严多多xy,女,真爱可能就是他们这样不占有不自私，各自成就吧。又是为别人的真爱流泪的一天，结局be美学，挺好的，浪漫中的现实,12,15014283,江苏,非常积极,1.00 
笛卡尔在瑞典,保密,这其实不是爱情电影，是说梦想实现的电影,12,434019700,安徽,非常积极,1.00 
渣渣很皮,女,各自活成了最自我也是对方最爱的样子,12,3165945,未知,非常积极,0.96 
丝之歌还没出呢,保密,每次看这个剧我就想起17年情人节首映专门去看，结局没在一起没想到，结束往后走看一堆情侣一个个都垮起个脸,12,8640248,广西,非常积极,0.99 
R2-D222,保密,17年3月1日和喜欢的人一起去看的，18年2月7日在一起了，电影票现在还留着，愿一直能走下去爱心坎公骑冠剑吃鸡,12,109432426,未知,非常消极,0.11 
Pomelo_o,女,献给所有有梦想的人 如果我们必须失去什么,12,104351087,未知,非常积极,0.98 
跃下阿尔法星瀑,女,感谢这部电影为我带来了一个美好的中午给心心给心心给心心,12,452861513,未知,非常积极,1.00 
想花花的痴汉,保密,全民炫舞画风突变画风突变,28,310912925,未知,非常积极,0.92 
bili_68458134550,保密,因为90婚介所来的举个爪我看看脱单doge,11,488099691,未知,中性,0.47 
NGYYY_,保密,虽然失去了彼此，但都实现了梦想，这于他们而言都是最棒了的吧。可我自私的希望mia的婚姻可以结束，她和seb可以重新在一起，虽然我知道这很荒谬,11,12160132,未知,非常积极,1.00 
沉浮如歌,男,从五年前，我就喜欢上这部电影。我是一个很喜欢看电影的人，唯独这一部，它的预告片我看了无数次，但是从没看过正片。因为我想等到我的另一半，我们在一场浪漫的约会中共同享受它。只是直到今天我依然没有等到那样的人。也或许我永远不会看这部电影，这部电影就像一份礼物，它对我来说是一个惊喜，如果拆开它，我将失去那份期待。,11,251855309,未知,非常积极,1.00 
#NAME?,男,几年前《爱乐之城》刚上的时候，觉得Mia和Sebastian最终没走到一起太遗憾了，相互喜欢的人为什么没在一起呢，今天再看，看着Sebastian最后一个音节没按下去，曲未终，人确散，才感到这电影的后劲，或许喜欢和错过才是人生常态吧，但是有过这种喜欢但不适合的人，也是一种幸运吧,11,433436071,未知,非常积极,1.00 
___该用户不存在_,保密,真是很不错的电影，在我这儿值得99分，扣的01分是因为编剧，女主在5年内从无名演员成为银幕电影明星，这期间一定是为了事业付出所有的，我认为她不可能有时间结婚生子，哪怕丈夫是主内的，她也有孕期孕后身材恢复期这些难熬的阶段，而新人演员消失在大众视野里就会被遗忘。但是瑕不掩瑜，电影描绘的这段爱情实在太美好了，他们曾经那样深爱过，哪怕最后因为梦想分开，再相遇时也能相视一笑，挥手告别，把这份爱深埋心底。,11,1242380297,江西,非常积极,1.00 
流水散云,保密,"还有人看吗脱单doge
这部电影的配色和音乐顶中顶打call",11,1492212713,湖南,非常积极,0.88 
账号已注销,保密,现在B站早就不是原来的B站了真的怀念刚来B站的时候，评论弹幕素质真的是下降很快。,11,28021084,未知,非常积极,0.88 
司延837488,女,让我康康有多少朋友是被《90后婚介所》嘉宾安利到的星星眼,13,175561437,未知,非常积极,0.97 
永不直播丶mata车,男,果然戏剧的内核都是悲剧,13,30910754,未知,非常积极,0.98 
remi2000,保密,看完加菲倒数时刻来重温石头爱乐之城，谁懂,10,28466563,未知,非常积极,0.98 
布丁小鱿,女,石头姐订婚了，加菲也有了新的恋情，两个人真的是现实的lalaland，祝好,10,13045390,未知,非常积极,0.99 
草莓味的春梦,女,这完全是符合爱情观的电影微笑，这是我最近这段时间看的最好的一部了，有遗憾，但是又因为，这个遗憾他们才是完整的，即使你不在我身边，我依然爱你，他们都是独立的个体为自己的梦想努力也尊重对方的梦奥比岛委屈,10,399660716,湖北,非常积极,1.00 
埃米卡Muham-faggot,保密,这简直就是我,10,3.49E+15,江西,非常消极,0.19 
Cruel夏,保密,B站重新上映，影院的重映也就结束了吧。期待上映十周年的重映！,10,398671175,山东,非常积极,0.91 
一只白熊L,保密,又回来了！！！,10,477352971,福建,非常消极,0.17 
地球木瓜小子,保密,12月22号重映，电影院我来了。弥补高中时期没去电影院欣赏的遗憾！！！,10,350673000,江西,消极,0.23 
毛毛mao_a,保密,期待一个重映，电影院看绝对不一样的感觉,10,589198678,江苏,中性,0.55 
惨叫的榨菜兄,男,本身不是个感性的人，却也是不多的几部看哭了的电影，其实到了267的年纪，再看这部电影，一切的不舍和遗憾，都会因为男女主角最后相视一笑而释然，会更加珍惜身边人，美好，有的时候还是存在在幻想里就足够了。,10,5666990,未知,非常积极,1.00 
ari_an_a,女,bilibili矿产无限公司小电视赞,10,247709622,未知,非常积极,0.85 
沙耶香你带我走吧,女,有时就是这样，会以为一直都能在一起，但当真正放下的时候，再回过头来看，就会很美。分开也是一种重逢,10,1286540227,宁夏,非常积极,0.94 
柱惊,保密,啊，本来看之前心里堵得慌，现在直接堵死了,10,384540679,山东,非常消极,0.17 
上一季的人都正常,保密,打call,10,452544435,未知,消极,0.33 
orz困惑君,女,看了90婚介所 第二期被安利了这部电影热词系列知识增加,9,8016938,未知,非常积极,1.00 
水晶流星丶yxy,男,婚介所来的哈哈哈哈哈,9,10729232,未知,非常积极,0.98 
聿枳_,女,爱乐之城这个译名是谁翻译的 很喜欢呜呜呜,9,35733601,未知,非常积极,0.85 
我是苏弘文,男,整部电影我都没有哭，但是最后男主女主对视，男主微微一笑我却破防了大哭大哭大哭,9,55939009,未知,非常积极,1.00 
爱莉希雅officiaI,保密,祝天下有情人四处开炮微笑,9,456283368,未知,非常积极,0.97 
我不会真的是白毛控吧,保密,我喜欢的女孩昨天过生日的时候唱了这首歌的音乐，我也就爱上了这部电影,9,90170909,未知,非常积极,1.00 
有病啊233,保密,"看弹幕一直说什么为了女主放弃自己的梦想我真的服了，才看了一半就大放厥词，中间那里不是男主也感觉到需要创新融合时代吗？他也意识到爵士乐的走向，自己也主动去找主唱创作，电影里面没看到这个片段？什么放弃梦想，不过是梦想改变了，电影都没看完就在那里做总结，还一直刷绿色牛顿，证明你很现代？你很亘的上时代？
特别像那些外放抖音的人，生怕别人不知道你知道流行梗，生怕别人不知道你是个很流行的人，真的恶心。
看电影能不能只看他本身，这么长的电影难道不浪费了你们很多时间刷微博刷短视频吗？这里又没人吹嘘你们好会啊好懂啊",9,183993879,未知,非常积极,1.00 
gbth,保密,不知道歌舞片吗？ky印度片和迪士尼行为的看着真的恼火,9,34900080,未知,积极,0.71 
#NAME?,女,石头姐要结婚了 呜呜呜五年了还在为加菲石意难平,9,1316473,未知,非常积极,0.90 
一只秋尘,女,有些弹幕是真的没素质理解欣赏不了或者看不懂就别看了，非要发问号影响别人的观影体验,9,177327010,未知,中性,0.58 
一颐矣异,保密,能不能买马戏之王啊打call,9,8459070,海南,消极,0.25 
账号已注销25105,男,在b站只有恐怖片能开弹幕，这种电影弹幕里面弟弟太多吐,9,4658728,未知,非常积极,0.97 
无名辛Sin,女,我们都追到了梦，只是梦里没有彼此,9,290552752,四川,非常积极,0.93 
文學少女的憂鬱,女,今年第四次看了，被弹幕搞得很痛苦只能说，我平等地恨所有人,9,44701393,贵州,非常积极,0.82 
Claireeee-e,女,最爱的电影，再看亿遍！！ 感觉身边没有能让我诉说这部电影有多好我有多爱的人。难受（话说这带弹幕的观感不行啊。。）,9,396851497,上海,非常积极,1.00 
美味小皇堡,男,今年我又来啦 仍然一个人OKOKOK,9,195099172,河南,中性,0.52 
CarellRogers,保密,这部电影输给月光男孩就很离谱，离大谱,9,23334371,贵州,非常积极,0.97 
紫色de恋,保密,原来悲剧不是最伤人的，伤人的是它给你可能有的美好的结局，却让你明白是在幻想里。明明曾经有着浓烈的爱意，最后却只能陌路,9,26368818,未知,非常积极,1.00 
红豆薏仁粥w,保密,K重温看完打卡，这是第二遍来看这部电影了，我心中给分是96分，真的剧情音乐服化道上佳，剩下的04分，是致以电影含括的生命中的种种遗憾。这世上总是有那么多人相遇相爱离别重逢失去，太多人在歌颂爱情歌颂为爱牺牲，可是，很少有人提起梦想，太少人去描述为了梦想付出的代价，除了成功学演说家。这世界上就是六便士与月亮不可兼得的，为了六便士，你可能就无法去追逐你要的月亮，而要了那轮月亮，你就不得不立刻奔跑抹去你的世俗你的柴米油盐时时刻刻在灵魂升级以求达到梦想的殿堂。如果他们两个在世俗中沉沦，都放弃或一方放弃了各自的梦想，结果也有很大的概率因为生活的琐碎磨平了一切，包括那份本来灵魂相拥的爱。正因为我爱你，所以我才要成全你，也成全我的梦想，而那个时候，我们同站人生的最顶峰时，陪在彼此身边的人不是你我又有什么关系呢，在那首未完的曲子中，我们就如同彼此的誓言一样，会永远爱你。正因为这样迷人的残缺，才称得上是不负此生吧。多少人即使在一起，也同床异梦，而我们多幸运，实现了各自的梦想，依然相逢一笑如春风。那座繁星之城，从来不属于你我，但我们都知道，它曾因为我们彼此眼中的光而闪烁。愿你我都能遇见那个玫瑰色的夜晚，多美好的景色。,9,10439137,未知,非常积极,1.00 
Lively_Soda,女,最后一次了,4,230252696,上海,中性,0.47 
梦中樱纷飞,女,90婚介所来的，刚刚这个月离婚，却来看lalaland，感觉是不是有点受虐？,11,80777005,未知,非常积极,1.00 
Yellow_02,男,弹幕有时候真的煞风景。。。三十分最经典的一段舞，弹幕全在玩梗。这么浪漫的一段开了弹幕看体验真的差。。建议第一次看的人别开弹幕。,11,82246464,未知,非常积极,1.00 
阿哔桑,保密,竟然有人第一次看这个片子敢开弹幕 这样的片子真的很难得 开弹幕是对自己的残忍,11,313188,未知,非常积极,1.00 
麦兜MAIDOU_,男,我想说我真的没有那么触动，可能我还不懂爱情吧奥比岛委屈,11,630789896,江苏,非常积极,0.99 
如何吃葡萄不吐葡萄皮,保密,2020年公务员笔试第一，面试被翻盘。总分比第二少了02，躺在床上哭了一天，从未感觉离梦想如此之近，辞职准备了四个月，终究一场空。也接近而立之年了，但我不要放弃，我还有梦想！我才考了两年，我不要放弃！我不要老了以后后悔！我不要在失败中死去！我不要一直活在地下里！,17,399241426,未知,非常积极,0.99 
击穿车的白色护膝,女,弹幕是不是有b，建议你们别看爱情片了，被戴绿帽的人看什么都像绿帽，好好的一部电影氛围全被毁了,18,7659849,福建,非常积极,1.00 
碎碎鸣鸣,保密,这电影后劲特别大，看过一遍之后，忍不住再看一遍,8,15420679,未知,非常积极,0.98 
封凛凛,女,并不认为两个人现在有后悔，而是人生幸有一个人陪伴你走过艰难的时光，那段回忆是真的，两个人当时的感情是真挚的，那个时候的他的回忆会永远陪伴你，并且能够在低谷的时候为你发光发热。,8,32393205,未知,非常积极,1.00 
轻吟挽歌,女,"This is what love is 
This is what dream is
This is what life is",8,13209276,未知,非常消极,0.00 
无机盐77777,保密,假如一切重来，我会在第一次见面吻你，推掉工作来看你的第一次表演，我会辞掉工作跟随你到巴黎，巴黎也有好的爵士乐，我们会有美好家庭，把孩子丢给保姆的夜晚，开车带你进去吃饭，然后一起走进酒吧，听别人弹起我写的曲子,8,2109457839,未知,非常积极,1.00 
红楼隔雨相望冷_,女,婚介所让我们相遇,8,28779983,未知,非常积极,0.97 
我不烦我不烦我不烦,保密,"这份爱是春夏秋的陪伴，欢愉，鼓励与支持，是冬天时目送你离开
盼你飞向自己的天空，却说一句永远爱你
故事里虽有缺憾，却是最浪漫的命运",8,110182705,未知,非常积极,1.00 
凡凡凣凢,男,我觉得电影最可贵的就是最后一段两人相视的微笑，尽管明白当初的选择会让他们相恋相伴一生，但仍然尊重了彼此的理想，两个精神独立个体的爱情，没有谁要去迎合谁，不以奉献和妥协为中心，不会为了融为一体而失去自己，不对自己的选择后悔，热爱自己的选择。,8,86649788,未知,非常积极,1.00 
依诺rose,保密,"我和我的女友在一七年七夕在电影院观看了这部电影，我们很喜欢。
那天，我们相爱了。
三年后，我们就像电影中的男女主角，平静的分开了，平静的没有一丝波澜。",8,304800147,未知,非常积极,1.00 
随_便-吧,女,说男主为了女主放弃梦想的一看就是擅长感动自己多过感动别人的,8,38597655,未知,非常积极,1.00 
喧嚣译世,男,如果lalaland是圆满结局，可能就和我看的其他电影一样随时间淡忘了，真的太爱这个结局了，不记得刷多少次了。,8,10429689,未知,非常积极,1.00 
麻烦请给我多加香菜,女,"看完之后也哭了很久。我感觉我自己很脆弱接受不了遗憾。主角双方虽然遗憾但是双方梦想最后都成真。但是又感觉没有了彼此就像炒菜缺了盐。
能吃。但是。缺了味道。",8,252724424,未知,非常积极,0.99 
Lucner,男,城市里有那么多酒馆，你偏偏走进了我这一家，当你我梦想实现时你的身旁早已不再是我，如果我们再相见，事隔经年。我将以何贺你，以眼泪，以沉默。,8,25890550,未知,非常积极,1.00 
旺仔牛奶粥-即兴版,保密,"五刷。
看完后感受，
如果当时吻你方式抱你

也许结局难讲。

张信哲《信仰》",8,34006580,未知,非常积极,1.00 
达芬奇总出分歧,男,陌生人，七夕快乐。有的百年好合，没有的也希望快乐,8,3.55E+15,河北,非常积极,0.99 
平手王木木,女,"弹一首只有你和我懂得的曲子，
致另一个时空的我们没有错过彼此，
愿这个时空的我们各自安好。",8,8079252,未知,非常积极,0.99 
东方之猪u,保密,这是要杀了我吗朋友，这么轻快的bgm 我以为是he大哭大哭大哭,8,599542720,安徽,非常积极,0.92 
括胡,男,男女主都没错啊，或者说都有错，也可以看出男女思维的差异，男主自以为理性，女主也太感性，一个先为了现实到处跑后停下来坚持梦想，一个先留在原地坚持梦想被现实打败后为了梦想到处跑，虽然5年没法互相陪伴对方，但是凭什么可以坚持了梦想却没不去坚持爱情？导演最后告诉大家没错，我是有一万种方式可以让男女主终成眷属，但是我拒绝！就因为我和跟我一起写下这个剧本的前妻离婚了！所以我就是要让他们因为梦想失去真爱！,8,10921877,未知,非常积极,1.00 
青女月初九,女,当年LALALAND热映 我在UCDavis上学 年过半百每天依然西装革履的室内建筑学教授prof Kessler在临下课前突然说起了这个电影 说他推荐我们去看而且自己不喜欢这个结局 但有很多人喜欢 于是那天晚上拉着朋友去镇上一家小影院看了这场电影  电影院人很少 我记得那天是周二有不错的折扣 但我们还是享受着几乎包场的氛围 那时候我离开LA快两年 Griffith天文台停车是真的很难 长队排到半山腰 在山上是真的可以看到最美的LA夜景 最美的星空 当年坐在昏暗的影院里看到结尾泪流满面 好像不能更同意prof Kessler的话 故事很美 但我更喜欢圆满的结局 今晚翻到看第二遍 好像思绪能把我带回到以前 甚至带回到那个有你陪我看LA夜景的夜晚 我果然还是不喜欢这个结局,8,16221492,未知,非常积极,1.00 
绞洛,保密,回来了,8,3858206,四川,中性,0.46 
Perri_Chan,保密,有的人分手时看的是你的名字，有的人却是lalaland,8,178683628,未知,非常积极,0.81 
给我一套稳定器,保密,这一部是我最爱的电影，此次在b站上映是我又纠结又兴奋的事，喜的是我很多次想像在一个弹幕网站上其他人会不会和我一样有着一样的共鸣，我想看看大家留下的弹幕，大家在每一个经典的地方的反应，忧的是毕竟本人觉得看电影是一种很私密性的行为，毕竟每个人看电影都会有不理解，不认同，甚至因为自己的不理解去诋毁这样子的电影，对于真正热爱电影的人其实方面看到这部电影骂声一片真的特别伤心，得亏还有这样子一个净土可以让我看到大家的真实观影情绪，猛男落泪呀！其实还有挺多想说的，但是我觉的没必要说了，因为在本片中经典场面里不止一个人说出我我想说的话了。,8,9647564,未知,非常积极,1.00 
徐徐徐徐徐徐徐某,保密,最近课业繁忙，三刷这部电影分成了好几次，今晚看最后的20多分钟，最后20分钟之前情绪都没有太大波动，我还寻思是我之前看的时候太感性了吗，结果等两人五年后重逢在sebs，男主说Welcome to the sebs的时候，感觉一下就来了，再配上他弹的熟悉的曲子，故事开始重写，曾经发生过的一件件事被改写，如果我们当时坚定地和对方待在一起，一起相处很多的时间，会不会结果会不同。he的是我们都实现了自己的梦想，be的是我们最后没有在一起。人生没有如果，曲终人就该散了，对视过后女主角也很利落的转头离开了，过去的事情已经无法改变，当下的结局就是最好的,8,1324674501,四川,非常积极,1.00 
EstarLee,男,初闻不知曲中意，再听已是曲中人,8,13007220,未知,积极,0.71 
熠旦的现身,男,《爱乐之城》是我看过的最优秀的电影作品。我终其一生也作不出来如此细腻至极的东西 我此生绝对作不出天文馆里那段现实与魔幻，永远做不出如此有意境的结尾。这结尾简直是神来之笔，天赐一般。庆幸此生看了这部电影。它没有那么宏大的内涵和深意，但我认为它是代表一个作者能作出的表现力方面的最高程度。是真诚至极的一部作品。,8,452384097,未知,非常积极,1.00 
dys丁特尔,保密,看花束般的恋爱想到了这部，二刷,8,64496338,未知,非常积极,0.93 
账号已注销,保密,"看完之后说有感觉，但似乎也没什么感觉。
就是那种触动无法忘怀。
爱情，就像我试镜失败心情低落。突然想起你我约定一起看电影，心情突然开心起来。
就像是深陷生活，听到熟悉了钢琴音乐，会不由自主的想起你。
就像是你弹钢琴时专注的样子，同我追逐梦想的专注别无二致。
就像是看着你完成梦想之后的欣慰。
虽然我们的生活之中没有了彼此，但最后的短短几分钟，我们已经幻想好了彼此相爱后的一生。虽然是假的，但也是真的。我们都实现了彼此的梦想，都有了向往的生活，都能活的幸福。这就好啦。
梦想让我们相遇，但也让我们分离。
但是，我们都不后悔彼此的选择
因为，
因为我们曾经爱过
因为，
因为我们承诺会永远爱着彼此。",10,184617761,未知,非常积极,1.00 
心碎岛屿_,保密,电影没毛病，弹幕哪来那么多低能，感觉跟没看过电影一样的，复制一堆文案还要强行公情自己那点失败的爱，把自己代入进主角balabala，有你事啊,10,1471480672,重庆,非常积极,0.98 
米娜桑嘟太奶,女,时隔了这么久，连b站都上爱乐之城了，而你还没有男朋友女朋友,11,94491641,未知,非常积极,0.95 
说是不是苦艾酒,保密,弹幕恼人只能说，很多人在男女主吵架闹分手那段都在指责女主，说什么女主任性想走就能走，感觉都没有好好看剧情，明明她们都是为了对方想 再回那样做。,7,21685629,未知,非常积极,1.00 
Cissne,男,弹幕从最有趣的陪伴变成了最恶心人的情怀,7,3120427,未知,非常积极,1.00 
肥芋泥,保密,虽然生活大多数时候都不能尽如人意，但是这些意难平会成为推动自己成长的动力。大家都会过上自己想要的生活，成为自己喜欢的样子。共勉。,7,4124962,未知,非常积极,1.00 
小_卷_卷_卷,男,90介绍所来的。。。,7,238777129,未知,消极,0.21 
榆深一禾,女,都2021了，还有人看爱乐之城吗,7,556166029,未知,积极,0.71 
猫猫你啊是心软的神吧,保密,"全剧中最欢乐的地方是眼泪最多的地方。
在想象中我已和你过完一生。",7,153785927,未知,非常积极,0.99 
Nalasy,女,"后劲太大了
虽然有缺憾但是在我眼中是最好的结局吧",7,3132018,未知,非常积极,1.00 
月音こな,保密,刷印度的多多少少沾点脑瘫,7,11503760,未知,中性,0.46 
蘸着石油吃辣条,男,"我倒真没有什么情感方面的冲击。男女主并没有不可调和的矛盾。在矛盾爆发的那一夜，两人的观点都不是不可调和的，两人的分别更像是激情殆尽后的清醒，并且在这时候两人又各自找到了自己的人生路，那么就这样分开就好了呀。
两人因对梦想的执着而结识，在最困难的日子给予对方力量，最后两人各自实现了自己的梦想拥有了成功的人生。可能是，彼此为对方做过那么多曾经那个夜晚那么浪漫曾经互相说过那么多次我爱你，最终却没能走到一起。但那重要吗？并不呀，爱和分离一直是一个课题。当你领悟它时就会明白，人与人之间其实只要拥有过一些瞬间就足够了。
所以这部剧根本没有意难平，没有人被生活打垮，也没有爱情被生活碾碎，只是一个现实又美好的故事罢了。
它对我的冲击更多是艺术方面的，简直难以用语言描述，太震撼了，精美又舒展，各方面都极具表达力，简直难以言语",7,356044112,山东,非常积极,1.00 
Mitcke,保密,看弹幕真的发现男女思维的不同和差异，真的感觉很多男女其实并不适合在一起，反而同性之间更合适，因为会互相理解，有些东西会感同身受,7,1392545,四川,非常积极,1.00 
一斤枣糕,保密,本来来b站开会员就是为了开弹幕，现在这弹幕质量又不得不关掉捂脸,7,399109585,未知,非常消极,0.09 
深海DeepDream,男,"把回忆酿成晚霞
揉碎粉红与深蓝
伴随爵士轻饮
即使回味苦涩
也有旧日晚风
吹拂在山岚之上
奏着昔日的梦想
跳着虚构的华章",7,169405225,新疆,非常积极,1.00 
我爱小熊喵,男,我希望某些低俗的人可以理解，当大家沉浸在电影里绝美的场景时，一句低级三俗的话有多让人恶心,7,3754064,未知,消极,0.36 
让我先云,保密,首先，这是个歌舞剧，欣赏不来请直接关闭谢谢,7,3.55E+15,广西,非常积极,0.97 
亞瑟柯克蘭,女,电影院结尾哭成狗，在看一遍还是哭了，音乐一响眼泪登场大哭大哭大哭,7,38701270,云南,非常积极,1.00 
buingbuing__,保密,yejun真的是小话痨！爱了,7,15496615,上海,积极,0.75 
西街买cola,保密,石头姐又拿奥斯卡啦喜欢,7,500713495,四川,积极,0.76 
巧克力丨星丘,男,复活吧！！我的爱人！！大哭大哭,7,351401286,福建,非常积极,0.90 
纷乱腥雨坠红尘,保密,啊？什么时候消失的,7,21578240,广东,中性,0.59 
newtest9,保密,那个，，其实开头是致敬一名老艺术家费德里科的！有一部电影叫八部半其中有一个片段就是和爱乐之城开头一样。。,7,444695811,未知,非常积极,1.00 
拾-五,男,哔哩哔哩矿业无限公司小电视赞,7,23966586,未知,非常积极,0.94 
dilidilidisp,保密,感觉弹幕完全没看懂，就开始baba，烦死了,7,477245930,湖北,非常消极,0.07 
尔岂k,保密,情人节居然没人吗囧还以为会有很多人来看呢，每隔几年就要来看一遍，浪漫的日子啊,7,35298836,广东,非常积极,0.85 
toliw,女,给我哭嘎过去了，妈的，本来不难受，这个幻想真是一刀扎我心里了，哭的我直冒鼻涕泡,7,92680578,辽宁,积极,0.74 
蛋挞蛋挞蛋挞挞挞挞挞,保密,发现这部影片右上角没有bilbil的标记 是不是想让我们尽情截屏！每个镜头都太美啦啦,7,672809089,河北,中性,0.54 
繁星宇月,男,为啥色弱慎入？,7,227403489,江苏,非常消极,0.01 
Anonymouse-_-,保密,你为了爱情丢掉的东西很可能便是爱情存在的基础,7,1228983685,未知,非常积极,1.00 
你笑得很好看,男,疫情期间看了这个电影心情都舒畅了,7,14954183,未知,非常积极,0.96 
食与愿违,保密,"两情若在长久时，又岂在朝朝暮暮。
多年后若你身旁的人不是我  我依然祝愿陪伴你的是你所爱
这辈子做的最简单的事就是爱上你
这辈子最难的事是爱你
若不能执手偕老  那便相忘于江湖
不能成为你的翅膀 更不能成为你的枷锁
去吧 爱人  飞向你的天空",7,81314161,未知,非常积极,1.00 
Veserrep,男,爱太脆弱了，以至于人们都只敢浅浅的表达，甚至只需要一次小小的误会便能将其摧毁,7,350245472,未知,非常积极,0.99 
体验用户10086,女,至少我们拥有过一个盛夏,7,65589427,未知,非常积极,0.95 
fanyunk,保密,乃琳！我好喜欢你啊！为了你，我要看爱乐之城！给心心给心心给心心给心心给心心给心心给心心给心心给心心给心心给心心给心心给心心给心心,9,12466782,未知,非常积极,1.00 
FRDLemonFish,男,"影评《爱乐之城》
一部只能用情商去看的电影，该片音乐要是停 算我输，整个片常常一言不合就唱歌，有点歌舞青春的感觉，也很让人尴尬（就不能好好说话吗），剧情来讲 一部专讲爱情的电影，可谓让人高潮不投入，低谷很无聊，甚至一度有些让我犯困（才不会说是因为憋尿才不睡的）。不过这部电影回想的时候 很多细节是可圈可点的，如果满分是10分的话 我可以给到95分以上。
电影有很强的时间概念 同时也暗示了男女主的感情发展，（冬）春夏秋冬的季节轮回，大致分为五个篇章，第一个冬季，俩人落魄的擦肩相遇，春季升温的感情，夏季炽火般的恋情，秋季分歧的感伤，直到五年后冬天的偶然重逢，情节安排可谓是天衣无缝。
在说说演员演技方面，本片是2D的记叙性电影，没有一丝特效（天空飞舞那里不算，5毛钱的特效 算特效吗）所以一部音乐为主的电影，最主要的还是靠这演员的功底，弹琴唱歌 跳舞 特别是踢踏舞，拥有着艺术性的享受（所以只能用情商去看）
总体来讲 《爱乐之城》是带给我们最美的浪漫，毕竟这是一部音乐片，好听的音乐时时响起，无论是开场的长镜头大场面，还是爵士声，以及夜街踢踏，或者是电音音乐 都有效的推动了剧情，而画面则成为想象的补充，表现手法十分到位。
最后的结尾，是我点评最想说的地方。五年后，无意的相见本以为是一个浪漫的开头，但也交代了女主已经为人妻 为人母了，男主看到了女主 选择弹 和女主在一起弹的最多的 女主最喜欢的《繁星之城》，男主在弹琴中述说了自己的对女主的那份不变的感情，但女主也已有了家庭，转身离开后又不舍的相望了对方，本以为会有句深情的告白，结局确实对彼此新生活的祝福
体会到，爱一个人 可以改变自己，爱一个人 可以委屈自己，爱一个人 可以奋力拼搏向往的生活，只是爱一个人，可能她最终不会成为你的伴侣，最牵挂的人，最后也可能变成你安心祝福的人，从情人到朋友，用一个眼神交代了一个电影的结局，一种残阳般的浪漫美，得不到 但我仍爱你。
电影中还有很多伏笔和镜头非常精妙，演员的表情动作都潜藏着很多细节，看完后会有一种，这就是真实的爱情的感觉。
另外我想说，在你落魄之时，别人给你的理解鼓励 ，还有那份相协前行，是一辈子最刻苦铭心的。
     2017年跟暗恋对象一起看完的剧，现在我们彼此都有了另外的人，但心中都在祝福着对方。",13,14918883,未知,非常积极,1.00 
好果汁迪奥,男,重映大哭,3,522199067,湖北,积极,0.69 
FimmyLee,保密,我嘞个首尾呼应啊请吃红小豆吧！哭唧唧,3,28010410,广西,非常积极,0.98 
花三火,保密,city of stars居然是出自这部电影，感觉电影里出现了好多次紫色，天空，车子，衣服，房间都有紫色。男女主最后因为事业分散，但也算是在男主的音乐里圆满了拥抱,3,431564967,甘肃,非常积极,1.00 
万物不及Gengar,男,官宣了喜欢喜欢喜欢,3,269327383,河南,非常积极,0.91 
paparico,男,第一次看到这个结局的时候我很难接受 直到我碰到了同样类型的事情才发觉 这就是命运吧,6,310331123,未知,非常积极,1.00 
UncleSen,保密,"如果
如果
如果",6,374375542,未知,中性,0.53 
吱呀吱呦呦的转,女,如果你知道他们最后没有在一起就不应该弹起这首歌，不应该在我考研的这一年问我圣诞节要怎样过，幸好那天的我没看过这部电影，不然怎么会那么冷漠的和你说再见呢。,6,6968912,未知,非常积极,0.98 
赛博腐烂的尸体,女,后劲太太太大,6,28913141,未知,消极,0.27 
Lucas阿泽,男,都有谁是被ex推荐过这部电影的，让我知道知道dogedogedoge,6,179798582,未知,非常积极,0.92 
-_APOCALYPSE_-,女,乃老师你从没告诉过我这个电影这么好哭,6,1883280768,未知,非常积极,0.97 
随_便-吧,女,最好笑的弹幕：现实里的男人都这样自卑。,6,38597655,未知,非常积极,0.93 
Lora快乐婆娘,保密,"If I should see you，after long year　　若我会见到你，事隔经年。

　　How should I greet with tears with silence　　我如何贺你，以眼泪，以沉默。

　　           GeorgeGordon Byron　  　              乔治乔登拜伦《春逝》",6,86628889,未知,非常积极,1.00 
美可麻妮,女,世界上有各种各样的思想   拥有自己的思想本来就是一件孤独的事情  剩下的时间可能就是让我们找寻志同道合的人吧  我觉得最幸运的是另一半与我的思想能够发生碰撞  可是也要做好一辈子都遇不到的打算（一点碎碎念,6,378384114,未知,非常积极,1.00 
韵Ner,保密,石头姐长得真的很有辨识度啊，对欧美人脸盲如我，看了电影后就记住了她的长相！,6,28994,未知,非常积极,1.00 
思虑便成疾,保密,经历过的，懂的都懂，已经不知道刷了多少次，第一次就是跟他一起看的，希望我也能像男主那样，用爱去释怀，坚强让自己成长起来，用放手去成全彼此,6,6051854,未知,非常积极,1.00 
博啊博啊又抽了,保密,"现实的空缺，艺术来充盈
你与我可在黑白键营构的世界里相伴一生",6,9622332,未知,非常积极,1.00 
阿茶的奇思妙想,男,额，科普一下给那些刷情侣鞋的，人家穿的是跳踢踏舞用的鞋，不是情侣鞋笑哭,6,90326121,未知,消极,0.38 
AZIJIYA,男,bro以为自己是瑞恩高斯林doge金箍,6,396022995,内蒙古,中性,0.56 
Asti__,女,现实中是既没有实现理想，也没有留住爱情，所有这是HE,6,3220952,未知,非常积极,1.00 
云肆意,男,"看第一遍，看到结尾的时候哭。
看第二遍，看到这一段的时候我就已经开始哭了。",6,3918966,未知,非常积极,1.00 
账号已注销,保密,谁懂啊家人们，第一次被BE痛到哭成狗，最难释怀的永远是错过跟遗憾啊保卫萝卜哭哭,6,426168494,黑龙江,非常积极,0.99 
晴天天晴晴天天,男,始于第1次上映，终于23年重映难过,6,325146997,四川,非常消极,0.11 
莉莉亚要骂人了,女,很久以前看过一次，那时候没什么感情经历，体会不出什么滋味，现在再看，确实感受不一样了。两个人在一起，必然是有一方要更妥协更包容的，男主显然就是这一方，他和女主都是很艰辛的追梦者，他为了现实低头，反而更加迷茫，离自己的梦更远，可是他也没有自私的要求女主也为了维持关系放弃追梦，因为爱，他推她出去，现实总是要让人低头，而这样一定是有一个人要牺牲，他选择了放手，他们俩选择了互相成全。最后他们的梦都实现了。只是世间上没有那么完满的，追梦的过程，必然也是有失去的。,6,396360456,江西,非常积极,1.00 
Orionams,保密,很难想象，这跟又要到饭了是同一个城市,6,668059210,广西,积极,0.68 
尼古拉斯_富贵张,女,我服了 前段时间要重映 我寻思重新看看 回顾一下 结果一搜搜不到了 我就想可能是因为要重映了 片方担心没人去线下看了 结果一重映完又上了脱单doge,6,483571318,山东,非常积极,0.92 
分离凝乳指尖,保密,复活了！甚至还是我上次看得进度,6,438157825,浙江,非常积极,0.88 
银竹落玉盘,女,在电影院看完了没多大感触，前几天半夜无意中又听了一遍city of stars，哭崩了,6,5777350,未知,积极,0.77 
AOAMVV,男,两个迷茫在追梦路上的灵魂，在命运的注定下不期而遇，他们挥洒着年轻的热血和天分，又怀揣着彼此未来的憧憬。到底是梦想还是爱情，两者好像不能兼顾，男女主给出的答案是，我爱你，这份爱却不能成为我拘束你的缘由，也不能让你变得不再是你。,6,7464994,浙江,非常积极,1.00 
HVTIVO,男,他朝若是同淋雪，此生也算共白头,6,2061222327,上海,非常积极,0.83 
AmatoriBiba,保密,最后，Sebastian开了自己的酒吧，Mia坐在台下，听他弹起这首曲子。 音乐响起，画面开始变换，是他们一起奋斗然后结婚有了小孩幸福生活的所有场景。多么美。 然而音乐结束，人群散场，Mia跟着自己的丈夫走出酒吧，到门口时，她回过头，Sebastian仍坐在台上。 他们相视一笑，今生再无关系。,6,37163193,未知,非常积极,1.00 
纷繁序幕,保密,"去年今日此门中，人面桃花相映红。

人面不知何处去，桃花依旧笑春风。",6,64512057,未知,非常积极,1.00 
贝吉塔塔开,男,昨天晚上十点半，我点开了哔站。一个熟悉的蓝紫色背景的视频封面让我心头一震，我脱口而出LALALAND，我没有想到她来了，一年前听到茶叔和吃老师的City of stars我知道了爱乐之城但是，却无从寻找电影的出处，于是一年后的今天，谢谢你，你来了。小电视赞,6,162100831,未知,非常积极,1.00 
爱吃西梅的鸽王,男,"2017年Winter，我们一起听着这温暖寒冬的""爱乐""，脑海中闪过如梦如幻的余生，紧握的双手，泪光闪烁的双眸，这一生有太多的辛苦，太多的不如意，还有心底的梦想和那愿与彼此相濡以沫的梦，不愿放弃梦想也不愿失去彼此，那就让彼此也住进这场梦里。2019年Summer，七夕前夕，感谢相隔两地仍为这场梦坚持奋斗的我们，惟愿相守白首，不愿相忘于江湖。
                                            致我的爱人和我",6,19694078,未知,非常积极,1.00 
可达鸭的空间站,女,La La Land 还在七夕前一天！又虐又虐狗,6,32158908,未知,非常积极,0.93 
果冻游侠,男,这个大饼画了多久了终于蒸熟了,6,12447974,未知,消极,0.31 
环环是可爱鬼,女,真的是很好的一部电影，里面不管是感情线友情线事业线，都展开的很自然。它不像传统的爱情片，它用音乐来交流，来表达情感，和观众共鸣。这部片子把爱情初期的火苗中期的摩擦以及后期的遗憾诠释的很好，而且我很喜欢片子中Seb弹的那段钢琴曲的反复呼应，特别是最后一段Seb再次弹奏，他按下琴键的时候，琴音不像先前那般充满力量，我听到的是清脆的易碎的玻璃片的声音。不同的音域，相同的曲子，不一样的心境。我喜欢影片传递的爱情观，相爱不一定能走远，但是爱可以永恒。,6,241824870,江西,非常积极,1.00 
拉文克劳cc,女,情人节保留项目,6,284043840,湖北,消极,0.25 
上校鸡块-,保密,2023看的第一部电影2233娘耶,6,606618049,黑龙江,非常积极,0.87 
鱼_树,保密,现在看着高司令满脑子都是ken,6,192130110,山东,消极,0.26 
Sytsuko、,保密,第三遍看了，这部电影真的百看不厌。每次都会被感动到大哭大哭,6,1803580,未知,非常积极,0.99 
愛與苦的詠歎調,女,心里最浪漫的净土，热泪止不住的流,6,302666168,未知,非常积极,0.96 
不二杭,保密,最后的回眸我能记一辈子委屈,6,443979557,未知,非常积极,0.96 
雷普洗头佬,保密,单身狗情人节打卡！,6,398454032,未知,非常消极,0.14 
腰伤腰痛青年,保密,电影画面精美绝伦，音乐更是最大亮点，可惜爱情的内核挖掘不够深刻，不过不失为好电影,8,41240748,未知,非常积极,1.00 
爵士时代跳舞公司,保密,感谢up主的分享，34秒开始了一段非常精彩的踢踏舞，我们也一直在创作与教授这个时期的相关舞蹈内容，希望越来越多的人能够关注传统爵士舞。干杯,9,1931813688,未知,非常积极,1.00 
奇异doctor,男,被一只突然闯入我卧室的老鼠闹得一晚没睡，本来想考验自己的沉着力的，无奈它每个动作发出的细微声音我都听得特别清楚，超过了外面空调的声响。啊，我累了，话都说得乱乱的。还好，我一个人住，现在换了个卧室微笑看看有人会看我无聊的话不灵魂出窍抠鼻,10,59112632,未知,非常消极,0.00 
吾康康,保密,为什么这么好的电影里这么多无脑的弹幕捂脸一跳舞就说印度片，宝莱坞。还有，歌舞片唱歌跳舞有什么好尴尬的？不会欣赏就别看呆,12,52784506,未知,积极,0.79 
u五无,保密,纯旅游打卡风景片，感情部分其实就是两个失意打工仔互相安慰但两人的确又比较简单，剧情能让两人都事业上有发展已经是很完美的结局了。,7,1060512890,广东,非常积极,1.00 
巴勒斯坦电子乐手,男,谈了5年因为各自事业异地而后分手，作死打开了这部电影，哭的死去活来,5,15338464,未知,非常积极,1.00 
Glowst_jsf,女,我真的扯纸哭到疯。生活让我们不能如愿以偿，但至少记忆会留下，那是我们平凡又辉煌的幸福。,5,647296768,未知,非常积极,1.00 
今天里特好好睡觉了吗,男,辣辣土地这部电影我很喜欢，说的是一个喜欢吃辣的女生邂逅了失意的喜欢吃辣的男主角，两个人每次吃了很好吃的辣都要跳舞解辣，后来男女分手以后，女主角每到伤心的夜晚都要把胡椒面抹到眼睛上嗷嗷哭，很感人的电影，一生推,5,22672786,未知,非常积极,1.00 
风晴羽Wings,女,这部片里很多的细节真的让人回味。没有那么多如果，曾经在一起，彼此陪伴彼此支持，各自坚持梦想，后来各奔东西看见对方过的也不错，有遗憾更多的是欣慰，我永远爱你，你做到了，我为你高兴。,5,53356256,未知,非常积极,1.00 
chopper西,保密,这是我和你共同去影院看过的电影。我记得那天我们为电影的男女主角深感惋惜，出来的路上讨论了很久。后来5年过去了，我为我们的以前深感惋惜。并不是我们分开了，只是我们之间的感情分开了，我想我们再也不会回到那个时候的状态，尽管我们的状态持续了3年，并且一直是很浓烈很炽热的。未来的很多年可能我们还会一起回忆起那段美好的时光，但是我不能一直把自己困于你的时间里了。好的关系需要维持，不好的关系就要自己努力爬出来了。我还是愿意继续爱你喜欢你尊敬你。哪怕你并不。,5,40775197,未知,非常积极,1.00 
紫空炎星,保密,刚看完燃野少年的天空   感觉心灵受到污染 过来净化净化,5,6011498,未知,非常积极,1.00 
Molly尧,女,看到开始两人发生矛盾那一段，想到了自己之前的一个感想：不要把由命运和现实的磨难带来的不满发泄到自己的伴侣身上，虽然这真的很容易。,5,406800649,未知,非常积极,1.00 
明川照野,保密,"学了那么多恋爱的技巧，懂了那么多所谓的人情世故，在一个傍晚推开酒馆的门，却听过路的旅人说，女孩已经登船走了。

你把该想的都想好，舞台上的山水云雾明月大江，身上穿的长袖冠帽金刀铁马，都准备得稳妥，帘子一开，就等一个人落泪。

我知道很多人像你，很努力地准备，开幕奏乐，结果位子空着，鼓声越来越急，回荡在不大不小的剧场里，铜锣一响，你发现，人没来。

其实感情有时候，就是挺无奈的。
                                                      年少荒唐",5,19228479,未知,非常积极,1.00 
账号已注销,保密,我咋觉得结局还挺温暖的笑哭男女主互相成就了彼此，任岁月流逝，但内心还温存的曾经的美好,5,18550235,未知,非常积极,1.00 
怎么称呼你啊取,保密,主要是男主太内敛了，其实他们分手后，还有那么多机会可以沟通，最后用了她的意见做了店名也是，可以沟通的，但是太内敛了，终归不是适合的人吧,5,330879826,未知,非常积极,0.97 
为了凑字数起的名字,保密,给我一首歌的时间和你度过一生，再让我用一眼与你告别,5,702168339,未知,非常积极,0.99 
雪人知道该干啥,保密,没想到能有个契机来欣赏这个片竟然是因为赛博朋克2077的bug,5,39077930,未知,非常积极,0.87 
无边幻境,保密,看完这部片就去看闪灵冷静下头脑OK,5,174099540,未知,非常积极,0.93 
_葛温德林,女,每年七夕情人节必看 让我心脏在跳动,5,8779937,未知,非常积极,0.90 
橙不狸,保密,今年七夕又来重温一遍了，希望所有情侣都能像剧中的男女主一样有一个好结局保佑,5,102358914,未知,非常积极,1.00 
快乐傻瓜小小屋,女,"导演太戳心了。。。。
最后还放一遍完美结局。。。大哭大哭",5,109050904,未知,非常积极,1.00 
冬夜静雪,男,以后一定带女朋友看一遍这个,5,21867690,未知,非常积极,0.91 
江绮奈绪美-,女,妈的好好一电影全是小学生刷青春疼痛文学观影体验极差,5,359143468,未知,非常积极,0.98 
阿D仔von,男,《爱乐之城》部分拍摄花絮：BV1fZ4y1s7jr,5,26387394,未知,积极,0.76 
丨xin-_-,保密,假如一切重来，我会在第一次见面吻你，推掉工作来看你的第一次表演，我会辞掉工作，跟随你到巴黎，巴黎也有好的爵士乐，我们会有美好家庭，在孩子丢给保姆的夜晚，开车带你进去吃饭，然后一起走进酒吧，听别人弹奏我做的曲子。,5,258432541,未知,非常积极,1.00 
朗读古诗词,女,最后的回眸相视一笑，突然发现很像《罗马假日》片尾 空旷华丽的宫殿里，公主和布莱德里怀着终生难忘的美好回忆用眼睛告别的场景大哭,5,481050880,广东,非常积极,1.00 
土豆长芽1,保密,三天内看了两遍，第一遍很伤心，但是第二遍就一点都不会了，因为男女主都实现了自己的梦想，虽然没有结婚但是成为挚友也是不错的,5,679295364,江西,非常积极,1.00 
别躺着了,保密,我当初喜欢的人嫁给了我的好兄弟  我是伴郎   现在他们很幸福   她也怀孕了  祝他们一直幸福  也祝我幸福,5,15391625,未知,非常积极,1.00 
-mingchen-,男,在山脚相遇却登上了不同的山顶,5,438490652,湖南,非常积极,1.00 
重生之我是啦啦,保密,委屈听到city of star都会掉眼泪的程度,5,623090022,广西,非常积极,0.86 
Akem1H0mura,保密,其实电影的最后的结局也许是最好的，双方都成就了对方，甜蜜的回忆永远的在他们两个人的心里，时间不会将其消磨，相遇依然心动。爱心,5,164625323,未知,非常积极,1.00 
就决定是你叻,保密,这次再看就是第八遍还是第九遍了拉拉蓝是我的白月光,5,28356725,未知,非常积极,0.98 
恋爱嘛我徐文祖,女,弹幕有些人是只认识艾玛沃特森一个女演员一直提不ky嘛,5,20731214,未知,非常积极,0.95 
深海之都,保密,看完了。。。胸口憋闷总觉得这个结局好遗憾。。。但是这可能是对剧中人物来说不错的结局，世界上又有几起灵魂伴侣白头偕老的故事呢，所以主人公起码都实现了梦想可能就是最好的结局之一了吧，虽然最后没能在一起但是那份爱至少曾经热烈过大哭,5,2079903988,江苏,非常积极,1.00 
満ちてゆく,保密,重映的时候去看了，一直觉得mia和seb之间其实并不算be保卫萝卜哭哭,5,400103974,广东,中性,0.52 
你真能搞,保密,我就是来躲避现实看个电影，结果看电影还要被现实精神毒打笑哭，两个理想主义者还是be了，哎呦难受得我,5,378589211,福建,积极,0.77 
赤い橙,保密,上上下下的笑哭,5,416451542,广东,积极,0.68 
-林鹄-,保密,回来了，都回来了,5,435497201,山东,中性,0.43 
海昼冷灯,女,我知道他们为了梦想而努力，也为了梦想而平静地离开，所以我并没有流很多眼泪，只是心中些许难过,5,487073335,江苏,非常积极,1.00 
もりこ森子,保密,和花束般的爱恋很像唉。但是结局比那更好初音未来大笑,5,319459538,四川,非常积极,1.00 
花田解马,男,2017年和她在电影院看的，当时她看哭了，我没哭，因为不懂。如今我们因为一些学业和个人追求的不同分开了，我懂了，但我再也不敢回来看第二遍,5,3122140,未知,非常积极,0.92 
我就是天才88,保密,电影结局虽然他们分开了，但都成为了更好的自己，可现实中大多数分开了也没有变得更好。这就是人生 ，电影只是电影故事而已！,5,491487560,上海,非常积极,1.00 
人民艺术嘎,男,b站，在你工作的时候很狼狈，但买版权时你是最美的dogedogedoge,5,201874793,未知,非常积极,0.82 
暖阳羊洋,保密,我把最美最好的时光都留给了你，无论结局如何。小电视赞,5,40477133,未知,非常积极,1.00 
阿聪er_,男,还记得当时在电影院看到结尾的那股子心塞。,5,5489556,未知,非常积极,0.91 
爵妹不是绝味,男,会买菜就多买点！,5,18707622,未知,中性,0.45 
搜古德曼,保密,弹幕打卡的跟随地大小便的差不多，没素质还暴露自己年龄和智商。,5,18014221,四川,消极,0.34 
明天见_wty,保密,我无法把爱乐里的高司令和芭比里联想到一起喜极而泣喜极而泣喜极而泣喜极而泣喜极而泣,5,390525166,河南,积极,0.68 
溜肩的团子精,女,救命！！！这结局我得看100遍芭比预告片才能缓得过来tv笑哭,5,7875458,江苏,非常积极,1.00 
诗语碧霄,男,爱情的艺术，艺术的爱情tv点赞,5,660085221,天津,非常积极,1.00 
草莓の酒心,女,我从未真正拥有过你，却在脑海中与你过完了一生,5,375651814,贵州,非常积极,1.00 
分付与疏狂,保密,一口气看完。忍不住落下泪来。爱情梦想，现实但不世俗。我们就生活在这样的世界啊。,5,365156495,福建,非常积极,1.00 
哪儿有瓜啊,保密,从高中到现在看了无数遍，第一次看懂怪我咯怪我咯怪我咯,5,316716758,河南,积极,0.73 
叫啥子勒,保密,假如一切重来，我会在第一次见面吻你，推掉工作来看你的第一次表演，我会辞掉工作，跟随你到巴黎，巴黎也有好的爵士乐，我们会有美好家庭，在孩子丢给保姆的夜晚，开车带你进去吃饭，然后一起走进酒吧，听别人弹奏我做的曲子。来着网易云热评,5,470420584,未知,非常积极,1.00 
YoPumpkin,女,离开了爱情生活还能继续，没有了梦想什么都没有了。男女主只是互相陪伴着走过了一段旅途，而人生的旅途太过漫长了。,5,25680866,未知,非常积极,1.00 
Soooooos_,女,各自实现梦想之时，发现梦想好像变得没那么重要了。假如可以重来，我会在第一次见面时吻你，推掉工作去看你的第一次表演，和你一起去巴黎，巴黎也有好的爵士乐，开车带你去吃饭，然后一起走进酒吧，听别人在台上弹着我曾经做梦都想弹的曲子，再转过头亲吻近在咫尺的你,5,356054466,未知,非常积极,1.00 
小狗在窗边胡说八道,保密,第一次看完电影留下评论。他们遇到的时间刚刚好，两个人都在追梦的阶段，两个人几乎一拍即合。他们遇到的时间又不好，两个人都在追梦的阶段，都需要为事业奔波，都是无法给予对方感情需要的陪伴的阶段。也很惊讶于最后两人的相遇，Mia在脑海里过完了与seb的一生，然后走前回眸对seb微微一笑，seb也回以轻微点头，两人就此别过。人生就是无数的遗憾组合而成的。,5,59699784,未知,非常积极,1.00 
镜子的Menu,女,为什么这是520的推荐片子，本单身狗不仅没得到安慰，还哭得一把鼻涕一把泪,5,9259356,未知,中性,0.58 
索尔_Saul,保密,弹幕被清了吗怎么这么少啊,5,7857378,未知,积极,0.68 
矮崖Maya,女,电影里的每一个色彩都透着浪漫的气息,5,214713719,未知,非常积极,0.99 
软硬兼攻的翔君,保密,这电影色彩是真的强,5,243927438,未知,非常积极,0.92 
不甜de甜甜轩儿,女,哭了哭了,5,351817390,未知,非常积极,0.84 
咪咪痳咪轰,女,能重映的话一定会补上电影票,5,138925680,未知,中性,0.53 
24K麻鸡,男,17年到现在每年情人节必刷一次（草）OK,5,19185406,未知,中性,0.41 
逐渐痴呆_,保密,是谁情人节来找虐？欧是我大哭lalaland我永远的意难平,5,13793449,未知,非常积极,0.82 
呼啦呼啦咻ヽ,保密,五年前分手后一个人在电影院看了这部电影，这么快就五年了啊,5,11700699,未知,非常积极,0.99 
普通是彩虹的诅咒,保密,虽无前缘可续，但我已经在脑海里同你过完了余生。DL，我会永远爱你。,8,5276762,未知,非常积极,1.00 
楚小月家的双马尾,女,我的天谁懂啊就刚好卡在这个位置。。。无语,2,65177958,河北,消极,0.28 
是个卡卡卡子娃儿,女,止不住的眼泪辣眼睛,2,383148465,四川,积极,0.78 
ThoMasTT_,男,挚爱,2,365045286,上海,非常积极,0.88 
花锦满楼,男,第三遍了，每遍都有不一样的感受,2,457002720,安徽,积极,0.65 
词穷不会起名丶,男,关掉弹幕看 惊艳于他的叙事手法 女主进了一家餐厅见到男主 结果镜头一转把男主的事情又给叙述了一遍 最后两个人的故事交汇于同一时间线 打开弹幕一看 还是满屏的 哇这个光打的真好看 无语至极 当别人没长眼睛吗 这个电影的弹幕真是 令人十分不满,6,329506686,山东,非常积极,1.00 
苏祁_Suchi,保密,出去上个厕所回来就说上线了！！！,6,226148834,未知,非常消极,0.06 
你是莉莉安呀,保密,一辈子太长了，有些人就适合留在回忆里，想着过一辈子。,4,258163295,未知,非常积极,0.99 
哈啊justwe呦,保密,一部拍在西海岸的故事，风格却十分纽约，十分百老汇,4,4503041,未知,非常积极,0.96 
漱石扬激,保密,第一次看这电影的时候，我正在学水粉，于是每次看这部电影我就会想起那些充满色彩的日子,4,434108655,未知,非常积极,1.00 
乌托猫,男,已经足够了，他们在最后能够释然，能够为对方梦想已成的未来鼓掌，就已经证明他们的相遇是幸运的，即使未来身旁的不是那个人，但过去那段艰难美好的时光是真切的，他们不会后悔那段相遇，但也不拘泥于回忆中，各自向上，顶峰相遇。正是因为结局的不完美，所以才令人难忘啊,4,36409811,未知,非常积极,1.00 
奶盾五五开,男,相遇相识相爱却没有在一起，衷心祝你幸福，z女士,4,424461559,未知,非常积极,1.00 
肉松在摸鱼,男,一切没有必要重来，现实这就是最美好的结局，男女主都过上了想要的生活，尽管生活里没有了彼此，但依旧不会后悔，这就是已经是最好的结局了。,4,503142924,未知,非常积极,1.00 
是耶非耶丷,女,我来了，听说喜欢这部电影的人有了美美的爱情害羞,4,60098953,未知,非常积极,1.00 
在逃的逃避型选手,保密,幻想结束的时候，男女主坐在酒吧里面时是吻在一起的，而现实女主和她老公坐在酒吧里面的时候座位之间的灯就像一条分割线，是把他们隔离开来的,4,13295308,未知,非常积极,1.00 
不见春雪,保密,版本答案爱乐之城,4,688257131,未知,非常积极,0.88 
冰淇凌Y,保密,其实这个结尾挺好，女主不逼一把男主他也不会有现在的成就，没有男主女主也不会实现自己的梦想，而离开对方就是奔赴梦想的最后一步,4,243903975,未知,非常积极,1.00 
嘿约翰,保密,男主刚开始解释爵士是几个乐器的配合，而且每次演出都有变化，就像片尾的假想曲，就像别于他们过往生活的一曲爵士,4,2021832,未知,非常积极,0.98 
双人里昂,男,因为这部电影分手的或复合的来报个道吗笑哭？说出你的故事,4,25256339,未知,非常积极,0.98 
D北斗,保密,以前读过的一本书里有这么一段话，印象极深。衣不胜新，人不如故。奈何故人穿新衣，嫁做他人妇。昨夜梦一场，故人梦中来。本想找一部爱情电影戏谑自己一番，你懂的。本来以为自己的破防点自己都知道，刀从哪来都接的住，只是没想到，这家伙是用枪的藏狐,4,21052980,未知,非常积极,1.00 
Ena啊,保密,"我是不是太现实了
这部剧的浪漫点没有get到",4,22271660,未知,非常积极,0.98 
多-巴安,男,看了90婚介所俺也来瞧瞧lala恋OK,4,491069116,未知,非常积极,0.99 
竇暮良,保密,前面一直没哭出来，最后女主转身，男主微笑的时候泪腺绷不住了。愿我们都能在对的时间遇到对的人，愿我永远爱你。,4,7996586,未知,非常积极,0.99 
番石榴拌辣椒油,保密,最经典的爱情，不是我为了和你在一起而不顾一切，而是给你鼓励和陪伴，尽我所能去帮你实现梦想，让你变得更好。哪怕到最后我不是你身边的那个人，但这段时光回忆起来便已足够幸福。最幸运的是遇见了你，没有遗憾。,4,169117791,未知,非常积极,1.00 
无语到微笑,保密,想知道有没有影迷写同人文，在另一个世界他和她在一起并生活到老，我还想看孩子出生的故事tv腼腆tv腼腆,4,317136853,未知,非常积极,1.00 
夜雀の烧烤摊,保密,你怎么知道水母没有梦想呢,4,9964787,未知,积极,0.80 
巷上陌桑,男,这是我喜欢的人喜欢的电影,4,4031114,未知,非常积极,0.96 
Icarus1764,男,文明发言，理性讨论，一同欣赏艺术嘉然笔芯,4,8366995,未知,非常积极,1.00 
SHaDow影影,保密,"为了今天生日的她，我也要看一遍捏
City of stars",4,15164844,未知,积极,0.79 
就喜欢洁白,男,总有人看个电影一身戾气，一看主页，原来平常也这么暴躁啊再见,4,187334227,未知,非常积极,0.99 
这是一个吞吹,女,女主在库伊拉里面可太好看了,4,19096953,未知,非常积极,0.86 
白袜奶狗,保密,这部电影石头姐拿下了英奥影后威尼斯影后金球音乐喜剧类影后演员工会影后奥斯卡影后。本来就是实至名归。她水不水不是你说了算。,4,68139406,未知,非常积极,1.00 
iceNile_,女,讨论对错的真的给我看笑了，活得比谁都明白了？生活真的有那么简单，有那么明了的对错的话，也不会有失败的人。,4,19555138,未知,非常积极,1.00 
养一捧月亮,保密,这部电影后劲太大了,4,37633130,未知,积极,0.75 
马樂顶大,女,弹幕素质差得很。,4,1145996207,未知,消极,0.26 
亲一口小兔,保密,这部电影，真的绝了，场景配乐男女主身上的衣服，拍摄的手法，虽然我不懂怎么夸奖，就连我这种外行人也不得不感叹每一处的细节，每次场景的对比，女主前面每次试镜和最后试镜面试官的态度，在两人追梦的过程中，都一直想维护对方的梦想，当男主妥协时，只有女主一直在心疼他做的不是他喜欢的事情，问他为什么不建俱乐部，这部电影看的人真的是哭死了，每个人爱情的开始或许都是这么浪漫，到最后两个人的释然，有很多弹幕说女主孩子都有了还说永远爱你？我理解的是他们两个到现在都依然爱对方，但是也明确知道两个人没办法在一起了，不然女主最后一次试镜的时候他们两个就已经和好了，只不过两个人都把对方放在了心底，用各自完成的梦想告诉对方，我还爱你（我自己是这么理解的，可以说不同观点，但别死杠我的想法）,4,161143320,未知,非常积极,1.00 
天驱-,保密,爱乐之城是我最喜欢的一部电影。因为这是为数不多的跟她一起看的电影。因为各种现实原因，没办法跟她在一起也是我到目前为止的人生中最遗憾的一件事。后来我独自驱车前往洛杉矶，去格里菲斯天文台，去比弗利山庄，只为纪念我们的爱情，和致敬这部电影。Happy 小姐，我会永远爱你，可你大概看不到了吧。,4,1830456,未知,非常积极,1.00 
等待西西弗斯,男,若我再遇见你，事隔经年，我该以何贺你，以眼泪？以沉默？,4,34739127,未知,非常积极,0.99 
Dawn_121,女,这部电影，后劲真的好大大哭,4,440470144,未知,非常积极,0.97 
账号已注销,保密,我好希望这部电影能够重映,4,10100958,未知,非常积极,0.93 
小狛治,保密,"总会有那么一个人和你在某样东西上心有灵犀，默契到这件东西出现在脑海里的一瞬间就会立刻不约而同地联想到对方。

我们曾经并肩前行，即使分道扬镳，后来彼此也都成为了更好的人。我喜欢这个结局。",4,11258479,未知,非常积极,1.00 
M1tsuha_,男,分手了来看这个唉。,4,275223262,未知,中性,0.43 
摸鱼专业PhD,男,虽然可能很多人不同意，但是梦想和事业大概是大过爱情的。可是我又有什么资格说这个呢？作为一个母胎单身的读博狗，梦想和爱情都没有。所以有0吗,4,9126986,未知,非常积极,0.99 
银河系搭乘指南,保密,这大概是到目前为止我最喜欢的爱情电影了。我觉得这部电影最可取的是，描述的是两个精神独立个体的爱情，没有谁要去迎合谁，不以奉献和妥协为中心，不会为了融为一体而失去自己，爱情理所应当是陪伴和理解。,4,342187824,未知,非常积极,1.00 
颖雀-LUA,男,在中国上映那天我就去看了，我以前从来没有接触过歌舞电影，当时和家人一起去看的，他们都一头雾水，但是我却说这可能是我最喜欢的电影，现在2020了，这依然是我最喜欢的电影。,4,33175597,未知,非常积极,1.00 
玻璃缸里的猫,保密,没在一起挺好的，如果男主真的跟着女主一起去了巴黎那才是真的为了女主放弃了他自己的梦想，也就不会有后面的sebs。对女主来说可能是完美结局，然而对于男主并不是，所以没在一起也挺好，至少各自都实现了自己的梦想。,4,21554429,未知,非常积极,1.00 
苦無mmp,男,be可以解释成best ending吗,4,500755513,广东,非常消极,0.17 
不知陕北像羊,保密,"这部电影几年前看认为是讲的追逐梦想，现在有过一些经历之后，发现，其实也歌颂了爱情的美好。两个人从互相吸引，到互相成就，女主欣赏男主对爵士乐的热爱，男主也鼓励女主并且送她去面试。可惜最后两个人没有能够走到一起，尽管有遗憾，但是也非常感激对方出现在自己的生命之中，就像星星，曾经闪烁在漆黑的迷茫的人生星空里，曾经熠熠生辉。
可能这就是爱情的浪漫吧，不求永远，出现过就足够美好。",4,20649663,四川,非常积极,1.00 
栗子快到碗里来,女,刷男主绿的是有什么疾病吗？,4,9426125,未知,中性,0.56 
降谷零的狗,保密,又看一遍依然哭成狗。。。,4,669101843,贵州,非常积极,0.89 
水禾旦旦,保密,世界上哪有那么多如果啊 但在每一种如果中我都希望你能拥有精彩的人生 并且我将永远爱你 无论以什么方式,4,68282850,上海,非常积极,1.00 
俗世不归客,男,我以为在b站看音乐剧会好一点，没想到这里也有说一直唱歌尬死和像印度电影的，我真是对这些人无语了，真就不知道什么是音乐剧了呗热词系列锤热词系列锤热词系列锤,4,26003019,未知,非常积极,0.98 
高枝中的高枝,男,"看看开头为了这个电影开了大会员
值！！！！！",4,118764848,未知,消极,0.31 
朗姆酱酱酱,男,找了这么久发现小破站会员就能看，某搜索引擎不太行啊！,4,4484002,未知,消极,0.31 
南河常在,保密,最后男女主回头相视一笑说到祝各自幸福但我会永远爱你,4,565773214,福建,非常积极,0.99 
KanyeWestF0rFake,保密,此情可待成追忆，只是当时已惘然,4,60643537,上海,积极,0.66 
Zhangzi_77,男,盲猜洛杉矶奥运会开幕式会致敬,4,74532999,山东,非常积极,1.00 
宫泽雪野nx,保密,"哭了四五回，眼泪根本止不住
莫道此生未白首，梦里曾度几回秋。",4,401313139,安徽,非常积极,0.99 
老道消息,男,相濡以沫，不如相忘于江湖,4,5557312,未知,非常积极,0.90 
球芝布德,保密,可惜人生没有if线,4,3.55E+15,安徽,非常积极,0.89 
Heinrrrich,女,仔细想想，这片子可以是悲剧，也可以是喜剧对吧。悲剧在于有情人不能终成眷属，喜剧在于他们都实现了自己的梦想，有一家属于自己的爵士俱乐部，成为了演员。这就是真正啊爱情吧，互相扶持，追求了各自的理想。总之，歌剧魅影和爱乐之城都让我难过，又感到欣喜。,4,98717660,未知,非常积极,1.00 
马猴烧酒伊栗雅,女,终是庄周梦了蝶，你是恩赐也是劫小电视哭泣,4,10288430,未知,非常积极,1.00 
Q的存在域,保密,我在一首曲子中，和你过完了一生,4,432118110,未知,非常积极,0.99 
荀x子,男,我真是瑞恩高司令灵魂出窍,4,4715012,湖北,非常积极,0.98 
账号已注销,保密,Happy New Year,4,10100958,未知,中性,0.45 
Ms_Asuka,男,bro：在这部电影里i sing，i dance，i drive藏狐,4,6887553,山东,非常积极,0.96 
闲饮奶茶忙挂机,女,在最后女主上前搭话男主一下抱住拥吻的时候我的眼泪刷就下来了，人生若只如初见该有多好,4,14758485,未知,非常积极,1.00 
Nian不念,女,此情可待成追忆，只是当时已惘然,4,41726289,广东,积极,0.66 
゚゚゚゚宫水三叶,男,前段时间b站是不是下了这部电影,4,34280381,河北,非常积极,0.94 
王光光光光,男,终于又能看了2024,4,256944843,山西,积极,0.62 
喜欢骂人的大饼子,保密,回来啦，我在电影院也看你咯,4,475344371,内蒙古,消极,0.36 
槛上畸人,保密,说一件很抓马的事，看这部电影之前我就听说这是关于梦想和爱情的故事，然后看了之后发现剧情走向和我想象中大差不差，结尾也和我想象的一样，甚至分镜都能对上看完这部电影我就凌乱了，没想到导演真这么拍啊保卫萝卜哭哭朋友说我和导演共用了同一个脑子,4,123554614,吉林,非常积极,1.00 
tiredofthis,保密,回来了！重映看了两遍给心心,4,34773947,广东,积极,0.76 
寒冷和水的比例刚刚好,保密,前两天搜没有这部，今天推首页为什么评论是20年的啊,4,81832814,重庆,非常消极,0.15 
坐星辰,保密,回来了！都回来了！,4,38094915,广东,中性,0.43 
世界级拖延艺术家,女,去看了两遍重映，没有遗憾了，再来看一遍星星眼,4,350836421,湖北,非常积极,0.83 
猹不会去镖局做法,女,重映没看成，我心碎了,4,388162828,山东,积极,0.80 
缪希熙小盆栽,女,又回来了呜呜呜呜太好了，去电影院补票了，特别爱看的，高司令还是那么迷人小电视哭泣小电视哭泣小电视哭泣小电视哭泣,4,110866725,福建,非常积极,1.00 
零售店,男,好吧，又回来了，前阵子重映找不到有排片的影院，可惜了,4,298033493,江西,消极,0.38 
黄瑟的兔宝,保密,从爱情公寓预告片那边过来洗洗眼,4,18130004,未知,非常消极,0.15 
手拿锤子和镰刀的猫神,保密,17年情人节那天我和喜欢的人去看，我没点破这层关系，或许只是我的一厢情愿，祝你幸福。,4,11342759,未知,非常消极,0.16 
林中之木BLUE,女,人生若只如初见，何事秋风悲画扇！,4,1233272237,陕西,非常积极,0.96 
浮鱼あ,保密,好希望B站把one day也买回来。,4,14588970,未知,消极,0.32 
亚当克斯,保密,结尾已经很romantic了，我已经满足了,4,1823392878,安徽,非常积极,0.95 
愚见目前,保密,I miss you so much,4,11696157,广西,非常消极,0.16 
骰子鬼儿,男,这以后还怎么听爵士啊，怎么听都想着欢乐的调子只是在唱着如果重来应该是这样，然后曲终人散，现实冰凉。,4,66572512,未知,非常积极,0.99 
丁仔DD,男,一人血书B站买阿拉丁 马戏之王 雨中曲,4,327663376,未知,积极,0.60 
ペンギンZ,男,又魔幻又现实，交错着书写着一段苦乐交织的时光，就好像I LOVE YOU JUST NOT LIKE YOU命运把我们交织在一起却又让我们分离，但也许，这才是最好的选择吧，有遗憾的才是最让人怀念的。,4,5865279,未知,非常积极,1.00 
草莓可乐与汉堡,保密,两年前还不懂这部电影 当时不识曲中意 如今再看泪满面,4,63990135,未知,非常积极,0.91 
迷虎迷鹿,保密,只记得在电影院时的匆匆结尾 没有时间擦眼泪灯便亮了起来离场了,4,51901745,未知,非常积极,0.97 
改名就加欧气了,保密,这部电影当初一出就和我闺蜜去看了，我本身是一个对感情很淡定甚至不屑的人，就是看到很多人看个电影就哭了觉得真弱啊直到我看完了这部剧最后那个相视一笑，我就哭了我真弱啊然后给我后劲真的非常大，看完回家就一直再搜相关内容，这电影真的有些人看的昏昏欲睡，有些人像我，那时候看微博好多人刷无聊，就是一言不合就唱歌，我还跟他们互喷。其实没必要，看懂了自然懂，看不懂就是浪费那几十元，没必要和他们争好看不好看。,4,3274570,未知,非常积极,1.00 
坐星辰,保密,"第一部直接哭崩的电影。个人觉得男主肯定是知道女主已经结婚生子的，毕竟女主已经出名了。所以，两个人也接受了相互平行不再相交的生活，但是两个人依然深爱彼此，只是深埋于心底。
想起拜伦的诗若事隔经年，我将以何见你，以眼泪，以沉默。
真幸运的两个人，最终也是体验过一生所爱，也各自实现理想。虽然不能两全，可是人生也算圆满，有过爱情，也有了风生水起的事业。总好过现实更多的人，忙忙碌碌转眼就是一生，梦想不知道在何处，爱情又兜兜转转。",4,38094915,未知,非常积极,1.00 
我不知道明太子,男,拉拉蓝的魅力只有在大荧幕上才能体现，还好当时没有错过！,4,8326072,未知,非常积极,0.98 
希文sivaz,保密,假如还有重来，在餐厅中见面时我会选择吻你，朋友来介绍工作时我会选择推脱，在你的表演时及时赶到，在你伤心难过时选择拥抱，而非争吵不休男主成就了女主的同时也成就了自己，结局都让双方找回并实现了各自的梦想，如此美好的剧情，为何有情人却不得成眷属？,4,423802113,未知,非常积极,1.00 
有没有比较长一点的网名,男,看完啦，现在就等哈利波特八部曲了，不知道几月才能上线吃瓜,4,68621392,未知,非常积极,1.00 
Jeta1meS,男,在会买你就多买点,4,46491443,未知,中性,0.59 
Raccoon_Film,男,这部让我在电影院刷了四次的片，我 那当然是改天再上B站看啦！滑稽,4,35820316,未知,消极,0.26 
Guertena,保密,特别美的一部片子，很电影。,4,832856,未知,非常积极,1.00 
黎羽曳,男,"爱乐之城，送给所有心有梦想的人。
city of stars，shine for you all",4,36634909,未知,非常积极,0.95 
不胖的uz,女,追寻梦想，迷失自我，又再踏上追梦的道路。不是不爱，只有他们有自己前进的方向,4,19498865,未知,非常积极,1.00 
布洛芬缓释型生鱼片,男,只有情人节属于爱情，剩下的日子都属于梦想,4,20324775,未知,非常积极,0.97 
元素Duck,女,我最爱的电影之一，如果不看上映年份真的觉得是经典老电影那一款,4,283456573,未知,非常积极,1.00 
是木子-李,保密,马戏之王来一个好吗？秋梨膏。,4,36227323,未知,非常积极,0.82 
HeyyLuffy,男,B站真有钱！！！（破音）,4,21892067,未知,非常消极,0.03 
结城丶梨斗,男,已经物是人非,4,1966362,未知,中性,0.50 
KKの哲学,男,这部电影上映的时候刚好学到了牡丹亭，那段时间真是对爱情充满了向往。,4,94404755,未知,非常积极,1.00 
崎壹,保密,我去哔哩哔哩矿产无限公司我哭了支持,4,65300854,未知,积极,0.69 
陆浅浅w,保密,看完了，有点难受，但是他们都追求到了自己的梦想，也是算好的结局吧保卫萝卜哭哭保卫萝卜哭哭,4,80095772,江苏,非常积极,1.00 
微微和风吹,男,遇到你之前，我的梦想是首位，谁也不能动摇。但有了你，要先帮助你实现你的梦想，然后才是我原本的梦想，因为实现你的梦想也成了我的梦想。,4,381836708,云南,非常积极,1.00 
Becomeyu,保密,艺术品大哭,4,1805606832,山东,非常积极,0.92 
NJK虹夏,男,去年和女朋友一起看的，分手后看一次想哭一次，眼中是电影，脑海里想的全是和她在一起的点点滴滴。我一定要再次回到南京，想再一次拥抱那座她出生成长的并且也是承载着我的青春的城市。即使她已经离开这个城市和国度，即使我们已经不大可能再有未来了。,4,45171814,海南,非常积极,1.00 
女满别_,保密,在这个普通的夜晚一个人泪流满面,4,402209314,贵州,积极,0.65 
windknights,男,看完之后，似乎对爱情的理解又深刻了一点。爱情不是非黑即白，不是当下有什么，如今还剩什么，将来会有什么，而是曾经有过什么。爱情似乎不存在终点，不存在惋惜，不存在遗憾。因为每当那段回忆闯进心里时，爱情就又开始了。,4,13447610,江西,非常积极,1.00 
晨晞笑笑,保密,我爱你，你是自由的，虽然没在一起，但是在我眼中我们已经度过了一生了，这一生遇到你真好，祝你幸福，愿你找到你的人生，再见，我的爱人,4,39592848,广东,非常积极,1.00 
亚麻乌罗提,保密,我恨自己点开这个电影，沟通不是你们欧美人最擅长的事情吗,4,170117882,安徽,非常积极,0.96 
吸管嘬可乐,男,其实我们也没有完整看完这部电影，但还是想趁着今天再看一遍Catlonely,4,2288393,北京,非常积极,0.99 
我想要吃芋圆阿,男,好希望电影院重映,4,171843595,广西,积极,0.64 
射手不是艾希,男,请不要在车顶上蹦蹦跳跳，因为车顶会被压塌，别问我怎么知道的笑哭,4,37422329,山西,消极,0.21 
青山戴雨笠,保密,几年前第一次看这个电影的时候我竟然觉得一般般，因为剧情很套路喜极而泣就是梦想现实爱情的权衡,4,316383179,山东,非常积极,1.00 
小夏该吃饭啦,女,没看这部电影之前，他们合唱的那首歌我就在网易云单曲循环好久了，打死也想不到是be啊大哭大哭  男主最后有女朋友我也不会那么伤心，这种一方成立家庭一方孤身一人的就很伤，而且我不太懂，女主应该在第二年或者第三年就结婚了吧，欧美那边事业上升期谈恋爱结婚不影响嘛？,4,93830743,河南,非常积极,1.00 
plzlaolao,保密,看完打开桌上的台灯装作电影谢幕,4,86262926,江苏,消极,0.29 
花开的那些花,保密,单身21年今天再刷一遍o0,4,37997499,四川,非常消极,0.07 
伊之助一只好猪,保密,最有感触的是男主去女主家乡找她的那一段，他只知道是图书馆前面的房子，但依然愿意锲而不舍地找到大半夜，开车走时一个帅气地转弯却让这一切看起来很轻而易举的样子共鸣这种东西，真的很让人头疼,4,52510938,贵州,非常积极,1.00 
很好吃41,保密,最喜欢的片段。最后一面，音乐起梦开始，在绝美的音乐里他们已经过完了最好的一生，掌声响梦醒。是最好的结局，他们的感情不会在俗世中蒙尘，而成为了彼此心中的光会永久照亮梦想的路。,4,480831301,甘肃,非常积极,1.00 
方方是圆圆的呀,保密,好喜欢这个结局，在现实生活中往往陪你走向成功的人并不是陪你到最后的人。最后男女主对视，也是彼此两人之间的和解吧。,4,503542370,辽宁,非常积极,1.00 
i长明i,保密,男女主就算真的在一起最后也不会好的，最后大面是梦想和爱情一个都追求不到保卫萝卜哭哭两个理想主义者在一起太难了，没有物质的爱情终究是一盘散沙,4,11615751,浙江,非常积极,1.00 
诺艾尔的流星,保密,我怎么感觉b站这电影的音响效果还没有别人发的单截出来的片段好呢,4,148992494,上海,非常积极,0.98 
顺心顺意的车友车行,男,彼此成就了对方，却没有成就对方,4,29629614,广东,非常积极,0.98 
阿b我破产了,保密,这导演是音乐鬼才吧，导的音乐剧都是牛逼的。,4,108159531,广东,非常积极,0.88 
彼得潘想长大,男,我看过我想吃掉你的胰脏后有一点感悟，人与人之间的关系很复杂但往往被一些恋情友情之类的名词限制了，有一种基于某种机遇，或者是情窦相识后互相成长互相治愈的关系，过程就是结果，我觉得这也是爱情最好的样子。,4,392578891,未知,非常积极,1.00 
藏宝阁在这儿,保密,尤其是男主选择加入朋友乐队那里，我觉得于男主而言这其实并非远离梦想，而是在外部（与女主的关系，男主想让他们更好）力量的驱动下曲线救国的一种方式。不见得男主一开始就专注梦想就一定能成功，因为的确也要结合时代，可以说要结合时代创新或是掌握一定的话语权之后再去更大力度地展示最纯粹的爵士乐。于女主而言，那一刻的确就像是因为你我也开始勇敢追梦结果你先逃了，而我的追梦之路也并不顺畅的一种孤独被背叛的感觉吧。,4,436400540,未知,非常积极,1.00 
愿争朝夕,男,个人看过的最好的爱情电影，他们在一无所有的时候互相救赎，最后都实现了自己的梦想，虽然结局留有遗憾但却绝不是痛苦，美好的爱情是让人成长的不是让人悔恨的。,4,2808526,未知,非常积极,1.00 
向右观音山,女,三刷，和前男友分手之后再看，只觉得痛,4,456779539,未知,非常积极,0.84 
文大艮,男,好看,4,11547616,未知,积极,0.71 
seselala,女,记得17年在电影院看完之后哭成狗。这几年断断续续又重复刷了好几遍，感觉是近几年最好看的欧美电影之一了，当年奥斯卡真可惜。,4,35248397,未知,非常积极,1.00 
蒙古皮蛋,保密,奥斯卡近年最好的一部最佳电影doge,4,45051092,未知,非常积极,0.98 
阿月月底,保密,和对象二刷，希望能和她长长久久,4,425986113,未知,非常消极,0.19 
Seul゜,保密,爱情并不是生活的全部,4,13752445,未知,非常积极,0.94 
无端的妄念,保密,很多人不喜欢这个电影，我知道他们没看懂。没看懂不是挺好的吗？呲牙,4,344168407,未知,非常积极,0.88 
看好了LOOK,保密,以我人格担保，这绝对是你一生中值得看的电影！,4,107988436,未知,非常积极,0.99 
账号已注销,保密,爱乐之城我在电影院初看完时不觉得有啥大感觉，但就是会忍不住去把里面所有歌搜出来听，每年一听到歌还会忍不住重温两三次，这电影后劲真的足。,4,5109286,未知,非常积极,1.00 
你永远可以相信麦门,保密,很喜欢这里面的用色，搭配的太好看了，高饱和色调互相撞的时候，感觉就像在逛艺术展。毫不夸张地讲，这部片子里的很多镜头都可以拿来当壁纸，特别舒服。,4,36224469,未知,非常积极,1.00 
冰封の幻羽,保密,高司令演这种悲催的男主角上瘾，看完这个感觉男主好惨啊，收获了事业却没了老婆，然而等你们看完银翼杀手，才发现，那个才是惨，到最后发现自己是一个一无所有的工具人,4,384109315,未知,非常积极,1.00 
地铁老人手机_jpg,男,五周年快乐保卫萝卜哇保卫萝卜笔芯,4,287323439,未知,非常积极,0.81 
哈呐h_,女,打卡 五年了我还是没有释怀,4,77921995,未知,积极,0.73 
毛球TwT,保密,让我看看是谁五年了还是单身狗，哦原来是我自己脱单doge,4,94080372,未知,消极,0.22 
四四四喜啊,保密,不是遗憾，是成长。男女主最后都实现自己的梦想的，以后的 日子会更好，不会太糟。想起双方曾经在一起的种种回忆都是美好的，至少没留遗憾，他们在爱中成长。感觉其实到这个阶段男女主不管是不是和对方在一起，其实都是幸福的。,4,252707207,未知,非常积极,1.00 
HIGHKICK3,女,从超凡爬过来的我哭瞎了 各方面哭瞎 无论是剧情还是石菲,4,7953739,未知,非常积极,0.88 
柘柘柘柘曲,保密,片尾曲像是mia在多年过后不经意哼起的，原来回忆已经刻入心底，哼唱到高潮才忆起，稍微颤抖的声线和结束时的绵长，接入八音盒的清脆，已经都是曾经了。,276,455281891,福建,非常积极,1.00 
绿川治三郎,男,结局那里好多煽情弹幕看得真心尴尬233   不过也有很好笑的，比如Another Day of Sun伴奏曲子出来后有弹幕说海澜之家实属把逗笑了,5,34354045,未知,非常积极,1.00 
日与月同歌,女,爱情在沉寂其中时也要保持清醒和独立，特别喜欢分开的那段，如果他们一方愿为另一方思想妥协就不会出现这样的结果，而正是深爱中仍能不顾分开尊重对方的思想与坚持自我思想独立。如致橡树中如果我爱你，绝不学痴情的鸟儿为绿茵重复单调的歌曲。,5,450899018,未知,非常积极,1.00 
双开门小破,保密,相亲节目里总是看到你最喜欢什么电影爱乐之城欸我也是好巧哦，我倒要来康康这是是啥高大上的文艺片,3,476996049,未知,非常积极,1.00 
退役魔仙彭某人,保密,越看越难过，难过自己没有梦想,3,14875755,未知,非常积极,0.98 
派大星大星星星,保密,这是很好的结局了，离别多年后笑着示意,3,482406892,未知,非常积极,1.00 
脱发苏,保密,今天分手了，还是来看爱乐之城，谢谢爱乐之城哭完之后还是要好好生活,3,26074943,未知,非常积极,0.99 
Alepone,保密,lalaland永远的神,3,17737516,未知,积极,0.73 
碎玻璃乌云,女,最后男女主对视 每次看都会忍不住哭,3,65462665,未知,非常积极,0.85 
_Ayer,保密,五周年啦 最爱的电影,3,154139393,未知,非常积极,1.00 
Dorthea_娅咩,女,可惜没如果大哭大哭大哭大哭大哭大哭大哭终于懂了相爱的人不能在一起的滋味了,3,434556794,未知,非常积极,1.00 
低盐鱼肝油,男,"弹幕说安利香蕉鱼的是魔鬼，我身边所有看过的人都叫我不要看， YOU WILL BE TRAUMATIZED"" 而我很听劝，别看",3,14613940,未知,非常积极,0.88 
青い狐,保密,确实不适合情人节看，因为会让人想起前任。,3,2164604,未知,积极,0.68 
账号已注销,保密,瑞恩高斯林41岁生日十一周年生日快乐,3,479506363,未知,非常积极,0.99 
青衫当仗剑,保密,90婚介所前来报到doge,3,341591000,未知,消极,0.28 
Celeste苟,保密,"二刷lalaland大哭太好看了还会再来的
这部电影无论是故事讲述摄影技法演员表达上，狠狠踩中我的点。
那段蒙太奇结尾依旧（我的眼泪不值钱。
我觉得一部好的电影就像一本好书一样，经得起反复看，经得起观众思考。
可能你看第一遍不是太懂，第二遍自己理解了也熟悉了电影的节奏，之后你还会想去看第三第四遍。你会觉得里面肯定还会有什么自己可以去感受去发现。不同时期不同地点，你都会与这部作品产生共鸣。",3,1886715508,未知,非常积极,1.00 
Copomelo_,保密,总有遗憾,3,66616029,未知,积极,0.69 
tinkls,保密,初中和闺蜜在刚上映的时候去电影院看过一遍，当时没看懂，现在大二了，再看一遍给看哭了难过也是狠狠地看明白了,3,13471775,未知,非常积极,1.00 
资深死宅旅行家,保密,今年31岁，已婚，有一个可爱的女儿，看完这个电影泪流满面,3,36803458,未知,非常积极,1.00 
disappear省略号,保密,没想到是17年的电影，过去这么久了啊,3,280559131,未知,积极,0.65 
凉茶Behumble,保密,第一次刷，感觉拍摄和画面都很棒，很平静，但又能猜到下一个画面，刚开始给我的感觉很平淡，甚至不能坚持看完，奇怪又不同的感受吧，,3,424166901,未知,非常积极,1.00 
Karbins,男,这个女主就是当时很多洛杉矶漂的集体写照，在那里闯荡的她们很清楚当个服务员赚不了几个钱，天天捕捉试镜的机会，一旦成名就有了钱和地位。如果可以，谁会在面包店咖啡馆当一个服务员呢？,3,32664332,未知,非常积极,0.91 
Bi_Ba_Bo_,男,我以为我不喜欢歌舞剧来着大哭,3,249540436,未知,积极,0.71 
好吧背负,保密,"放弃一段爱情，成全两个梦想，角度很不错。电影用很轻快的方式讲了这个在一些人心里并不完美的故事，也告诉人们现实既残忍又浪漫，两位主角都选择了月亮也获得了成就，在我的角度看这个故事已经成功了。
还有就是男主塑造的很好人，分手之后还为女孩前途着想（可能也是想弥补之前的失言。
艾玛斯通的演绎风格很独特，有种说不出的风情",3,104529083,未知,非常积极,1.00 
大隐隐于文,保密,七夕来补完爱乐之城惹（虽然还没脱单），祝大家七夕快乐，有情人终成眷属脱单doge,3,458238783,未知,非常积极,1.00 
v_armint,保密,朋友们七夕快乐脱单doge,3,629164447,未知,非常积极,0.85 
Potatoshark,男,好看捏,3,26565152,未知,积极,0.69 
搜古德曼,保密,只能说这部电影色彩搭配和调色  顶级中的顶级，,3,18014221,未知,非常积极,1.00 
甜唯奶淇琳,保密,我喜欢的女孩喜欢这部电影，之前她提到的闻香识女人我也去看了，相信爱乐之城一定也是部好电影,3,5900666,未知,非常积极,1.00 
kilxh,女,很喜欢这部电影的歌，someone in the crowd。然后就来看这部剧，起初以为是喜剧爱情片，看封面也觉得会是一个美满结局，但看到最后真的没想到会是这样,3,382570240,未知,非常积极,1.00 
维克特Vectaidh,保密,我以后跟人推荐，就说这部电影结尾最后几分钟放的是男女主结婚生子幸福生活的片段,3,51110326,未知,非常积极,1.00 
花花今天也要学习呀,保密,弹幕说对钢琴曲的喜爱是当了两年闹钟还是很喜欢，这可真是真爱啊喜极而泣,3,22890212,未知,非常积极,0.92 
-_-Arcsin-_-,保密,拿着B站给的大会员，第一时间想到了重温这个电影,3,2029610834,未知,非常积极,0.92 
许愿言年,保密,"爱情需要高度
生活自由落体",3,406105642,未知,非常积极,1.00 
爱开车的ikun,保密,我看困了，打了个哈欠，于是掉眼泪了。,3,359951749,未知,中性,0.50 
Skip502,保密,刚刚爱乐之城进入豆瓣top250了！终于等到了这一天给心心羞羞,3,111138158,未知,非常积极,0.99 
尘白sama,男,我遗憾的不只是那个走散的人，还有那本应与她度过的一生。,3,41769650,未知,非常积极,0.90 
已婚妇女王大人的老公,男,"2016年我结婚了
现实生活没有如果
但是我好想知道 如果那时候我跟你一起走
现在会是怎么样
裴裴你还好么？",3,8213443,未知,非常积极,0.97 
Marionette_P,保密,评分好像升了01，好耶doge,3,98599568,未知,消极,0.23 
一米七二的媛宝儿,女,这部电影是我此生挚爱推荐给我看的，当时我没看进去，他就很着急，不断滑动进度条给我看他认为好的片段，我当时没有在意，后来，我看了无数次这部电影，只是，再也没有他在身边了。王宇，对不起，这部电影真的很好，你也是。,3,74985110,未知,非常积极,1.00 
桃要好好吃饭,女,"看弹幕都说虐虐虐给我吓得，看完感觉这部电影分明美好的不可思议
老说现实现实，你们根本不懂现实",3,258844999,未知,非常积极,1.00 
守夜者nightmare,男,后来的我们什么都有了 却没有了我们,3,22199422,未知,积极,0.60 
花市晋晋,保密,我为看不懂的朋友感到幸运老鼠,3,97381203,未知,非常积极,0.83 
草莓漏奶华,女,太感性的人，需要一个包容能力特别强的特别理性的人才能真正走在一起。两个人改变的机会很多，可惜两个都是太感性的人。,3,175756779,未知,非常积极,1.00 
账号已注销,保密,25岁重看有了21岁不一样的感觉。物是人非事事休。,3,97577650,未知,非常消极,0.03 
漫语清歌,男,去年《怦然心动》，今年《爱乐之城》，又是一个人看完了一部电影，愿所有相爱的人好梦tv微笑,3,39665336,未知,非常积极,1.00 
洛神赋歌,保密,2021年 情人节 四年了 我又来刷一遍,3,60238464,未知,积极,0.62 
Hanakiiiii,女,这电影后劲太大了，当时电影院看完全场鼓掌，到现在4年了，我至少看了五六遍,3,4466275,未知,非常积极,0.97 
EliotAxel,保密,情人节打卡啦，每年固定活动热词系列打卡,3,443374407,未知,中性,0.51 
超级爱喝水6,保密,情人节来打卡，依旧单身的一年,3,431414948,未知,消极,0.22 
科科Klerk,保密,弹幕关了会更好欣赏,3,3471057,未知,非常积极,0.91 
照烧鸡排板烧肥牛拌饭,女,看见歌舞片就说印度，你也就这程度了某些人,3,15594457,未知,非常积极,0.90 
用户放弃起名,保密,我爱你，我知道你需要担负起学生会繁重的工作，对不起，我知道你要放手，我们生来不同，你有你的目标，我有我的生活，我们喜欢彼此，最后又不得不因为学业事物分手，我曾经想过和你以后的生活，我们一起努力，但是没想到会这么快分开，谢谢你，让我在最寒冷的日子里遇见你，我恨你，因为你是我永远的痛，对不起，希望你学业有成，不断进步，找到一个你真正喜欢的人，再见，白,3,434391818,未知,非常积极,1.00 
史凯利杰の大鲨鱼,男,"当初好多一起看的情侣，看完就分手了歪嘴
我就不一样了，我一个人去看的",3,26160369,未知,积极,0.66 
Tarantellazz,女,如果我有大会员就好了,3,430043021,未知,中性,0.54 
古月梦呓,男,一人血书马戏之王,3,14904098,未知,积极,0.67 
兔耳瑞思特,女,一点建议初刷关闭弹幕食用,3,19388938,未知,中性,0.40 
Huangtang_黄糖,男,"爱情就像
生旦净末丑  遇上 宫商角徵羽。
人生如戏，一首doremifasollasi，不枉此生遇到你。",3,388815810,未知,非常积极,1.00 
爱大师吧,保密,他们彼此都实现了最初的梦想，但女主可能不知道他为了去存钱而做不喜欢的工作的时候，女主已经成为他最大的梦想了,3,366422,未知,非常积极,1.00 
INJUST1CE,男,17年的情人节和她去看了这场电影，没想到是和她一起看的最后一场电影httpswwwbilibilicombangumiplayss26783thememovie,3,146948935,未知,非常积极,0.96 
喙衔因果之鸟,男,对于单身贵族来说这是道完整的狗粮盛宴。从选材到余味都堪称上乘。初品之酸涩，深品之香郁，细嚼之甜美，收尾之苦楚，回味之荡气回肠！,3,2768711,未知,非常积极,1.00 
满谦谦儿,女,曾经真的以为，能和你共度一生,3,29870182,未知,非常积极,0.87 
崩坏的小面包,男,2020年的七夕在哔哩哔哩看，给我这单身狗莫大的关怀tvdoge,3,179077215,未知,非常积极,0.99 
lzqlebron,保密,周侯恋的感觉,3,57653436,未知,中性,0.49 
dntdoggg,男,看了好多遍了 还是会哭 委屈,3,35779418,未知,非常积极,0.95 
这是可以说的,男,他们本该如此美好，最后却只能在琴声的幻想中共度余生，但谁又能说他们没有得到自己想要的生活呢。,3,66295379,未知,非常积极,0.99 
AdseCyq,男,明儿高考，不知道几刷，来看最爱的电影，也是听最爱的音乐来放松。热词系列吹爆,3,8812313,未知,非常积极,1.00 
清水似漂流,保密,"已经在你的眼中过完我们的一生
最喜欢的电影之一",3,31876281,未知,非常积极,0.99 
id_vanish,女,"女生我会永远爱你的
男生我也会永远爱你",3,104517921,未知,非常积极,0.98 
WhiteNightWalker,保密,一周目关闭弹幕食用是我做的最正确的事,3,13075668,未知,积极,0.60 
清文刀,男,"我能说当年用了一张电影票包场吗笑哭
换个角度想想，挺悲哀的",3,13007422,未知,中性,0.47 
所有昵称都有了,男,八月六号是我的生日，而2019年的8月6号是我的十八岁生日，而爱乐之城是我最喜欢的电影，我竟然现在才发现在我18岁生日当天B站上了这样一部电影，谢谢bilibili,3,32790172,未知,非常积极,0.89 
非洲豹子,男,"当时看是两个人
现在
一个人微笑",3,15015753,未知,积极,0.80 
山楂饼_SAZABI,男,不会发弹幕就别发！,3,14622974,未知,积极,0.79 
氧气少男,保密,呜呜呜真的太好看了！！前面都超级精彩，不得不佩服导演编剧还有演员们的厉害！最后那一段真的是太过分了！先设想一遍要是在一起，然后没有，相视一笑都能激出我眼泪来    呜呜呜呜,3,405955351,未知,非常积极,0.99 
霁星kio,保密,青春就是会遗憾吧,3,70959657,未知,非常积极,0.99 
某地球人,男,现实没有美满，只有尽力让自己不后悔，祝各位单身汪都能找到自己的幸福和梦想。大家脱单了一定要带着那个ta一起再看啊，再加个天使艾米丽，在这里和大家约好了,3,1354421,未知,非常积极,1.00 
松松鼠LaLa,男,我早已与你度过这一生，,3,396540452,未知,非常积极,0.91 
Buz光年,男,这一生看过后劲最大的爱情片，我和我的他也因梦想在一起，因梦想而分开，Seb和Mia像极了我和他。,3,31650793,未知,非常积极,0.99 
洛希维信笺,保密,一人血书《爱丽丝梦游仙境》《温子仁恐怖电影宇宙系列》,3,171857378,未知,非常积极,1.00 
奂己,保密,永远忘不了这部电影，也忘不了我是和谁一起去看的,3,13728614,未知,非常积极,0.85 
七待,保密,最喜欢的电影捂眼,3,42811271,未知,中性,0.47 
蛋泥真的好,保密,有个部分超现实表现手法弹幕就开始了疯狂？？？看着就烦,3,15257810,未知,非常积极,0.85 
且徐行D,保密,看得我哭的稀里哗啦的,3,2140597110,河南,非常积极,0.95 
杨八妹,保密,他还是爱她，她也很爱他，这就足够了。彼此为了梦想而爱着彼此，都希望能给对方带来美好的未来，这才是爱啊，爱的本质是成长啊,3,11227735,甘肃,非常积极,1.00 
捕香蕉鱼最好的日子,保密,爱乐之城最喜欢的电影之一,3,208612827,未知,非常积极,0.94 
rikorikori_,女,第二次看，第一次是电影院刚上映的时候，当时看完第一个反应是：男主和女主为啥这么多年不联系啊？现在再见不会旧情复燃吗？（捂脸我当年都在想些什么没着调的）这次看完后，心境完全不一样了，也明白了结局和这部电影所要表述的东西。或许是我老了吧。,3,3925579,未知,非常积极,0.87 
莫名的焦躁情绪,男,17年情人节上映我们一起在电影院看的，后来自己一个人二刷三刷才真的看懂，很高兴遇见你，分开也不可惜。,3,4366822,未知,非常消极,0.05 
今天也要早点睡啊,保密,我很喜欢女主最后一次的勇气，在天文台的共舞真的是浪漫至死不渝。可能我没有遇到这么心灵相通刻骨铭心的感情。我总觉得最后男女主都完成了自己的梦想，成为了更好的人这个结局我很满意了。虽然没有在一起，但你身上的特质，已经成了我生活中的一部分永远围绕着我。,3,394269089,河南,非常积极,1.00 
胖头鱼th,保密,"如果没有彼此，就无法实现各自的梦想了。
但实现了梦想之后，陪在彼此身边的却不是当初那个支持鼓励你坚持梦想的人了",3,1292615359,广东,非常积极,1.00 
诺安的说,保密,刚看完 真是 感慨，但是都为了自己的梦想走上了自己想要的道路，我会永远爱你，哪怕我们不能在一起,3,543855522,山东,非常积极,1.00 
Sakurahane丶冷沫,男,一人血书《马戏之王》！秋梨膏！,3,35640512,未知,非常积极,0.99 
这个杀手是只羊,女,原来真的可以喜欢一部影片如电影里的男主喜欢一部影片一样的热爱。,3,70127363,未知,非常积极,0.99 
不是伊弋啦,男,这是我爱情观的老师，致敬,3,483278779,河北,非常积极,1.00 
我爱小熊喵,男,这部电影不适合开弹幕看，导演编剧美术精心设计的场景画面，努力营造的美好氛围，弹幕小学生一句低俗的抖机灵就破坏掉了,3,3754064,未知,非常积极,1.00 
咸鱼字典典,保密,终究意难平,3,236214609,未知,非常积极,0.81 
醉丹枫,保密,当初说了永远爱你，到而今从未食言，纵使两人已天各一方。故事的开头总是猝然相逢欣然相遇，而结尾总是花开两朵天各一方。大步往前，偶尔追念。,3,478609042,浙江,非常积极,1.00 
林梦醒时遇见你,保密,等到真正被爱的那一天一定要大哭一场,3,645811705,河南,积极,0.74 
茗晕,女,"刚见你之时  心上的珠帘自己轻易打开了  我们在一起了  珠帘打开露出来的那颗明珠一直璀璨着   
后来  明珠好像不得不重新被珠帘遮住   最后  我得知你终于如愿以偿  只是  我心上的那颗明珠已经没有那么璀璨了",3,3.46E+15,河北,中性,0.48 
602号小行星,男,有遗憾，但不后悔，希望他如今也过得顺利吧。,3,2648521,贵州,积极,0.69 
巧合也并非是巧合哦,保密,看第一遍还是建议关闭弹幕看，毕竟弹幕各持己见，还是自己看一遍有了一些理解再参与进大讨论里比较好。,3,6490803,未知,非常积极,1.00 
momoevelyn,保密,四刷依旧哭成狗 听到welcome to sebs瞬间泪目,3,32785689,未知,非常积极,0.99 
晴舢,保密,使我16岁的心灵遭到猛烈撞击,3,1151557581,甘肃,非常积极,0.85 
壹分之,保密,一刷，最后的想象那段看得一身鸡皮疙瘩,3,496593842,河北,非常积极,0.85 
w奈奈璃w,女,"看完有很多话想说却又不知道还说什么。只是默默的流眼泪。
从慢慢抽泣到放声大哭。
触动很深。",3,4052580,未知,非常积极,1.00 
斯巴达二期士官长,男,神作啊,3,15174305,湖北,中性,0.50 
陶陶菌_,保密,你曾出现在我对未来的每一步规划里，却消失在我的明天,3,297467877,广东,非常积极,0.99 
滋滋简,保密,2024821,3,482218341,陕西,中性,0.50 
冰凝落雪泪,保密,上一部看完这么EMO且后劲大的电影还是秒速五厘米保卫萝卜哭哭保卫萝卜哭哭,3,30119205,辽宁,非常积极,0.84 
草艾ouo,保密,Ill always gonna love you,3,1030098751,四川,中性,0.45 
新一f,男,我会一直爱着你，即使我们不能在一起，你推荐的电影很好看。谢谢你，我爱你。,3,518940286,安徽,非常积极,1.00 
云歌筑梦所,保密,我正在传导演的处女作电影《公园长椅上的盖伊与玛德琳》，得分四集，感兴趣可以来看看httpsb23tvBV1yeepemEAj,3,27971629,陕西,非常积极,1.00 
是小秃啊,女,2020214tvdogetvdoge,3,180432145,未知,中性,0.50 
碎月之海,保密,又到了合适看这部电影的日子doge,3,3011231,未知,非常积极,0.98 
世之介_Yonosuke,男,2017上映，2019再看了两遍，成了这两年最爱的电影,3,1747787,未知,非常积极,0.95 
叫我菜鸟_,男,谢谢大家看我的电影,3,651636207,河南,非常积极,0.87 
caoyx0329,男,大家觉得2028年奥运会开幕式上会出现跟这部电影有关的元素吗？,3,300729310,福建,非常积极,0.98 
JMwaD,男,这是我唯一一个能让我真心哭出来的电影大哭大哭,3,3.55E+15,江西,非常积极,0.99 
風鈴草飄揚的春日,保密,"摘自百度知道：
这词的来源是：在19世纪的美国，没有什么比在商船上干活更差的工作了，因为这工作低贱，食物烂而且工资少的可怜。于是那些商船船长，尤其是那些泊在太平洋沿岸的，就通过一些非法途径招募船员。他们聘了些黑社会份子在沙龙酒吧或赌坊等地方通过麻醉，灌醉等手段把人掳到船上做船员。由于大部分这些船都是开往东方的上海，因此渐渐这种拐骗奴役方式就称之为shanghai了。 
卓别林有部电影叫《shanghaied》。",3,2920477,未知,非常积极,0.92 
Coldplay_lg,男,之前一直觉得这就是个歌舞加爱情片感觉就不好看，然后一直没看，我承认我错了灵魂出窍,3,365182204,广东,非常积极,1.00 
西瓜汁超甜der,女,welcome to Sebs,3,14822135,浙江,中性,0.50 
萨-沙,男,很高兴大家喜欢我的电影,3,476324307,湖南,非常积极,0.94 
顾棘,保密,镜头语言接近满分的一部,3,10030066,广西,非常积极,0.91 
航哈嘿呦,保密,缺乏沟通，分开的理由真是俗套,3,266671720,福建,非常消极,0.18 
炏喵,女,从另一种角度来说，电影的结局是理想的，他们都实现了梦想，但现实是理想哪有那么容易实现再见,3,406128567,湖北,非常积极,1.00 
汪我想开了,保密,后悔重映没去看,3,636879718,山东,非常消极,0.11 
Jacky_gevena,保密,和最爱的你一起看这部电影，是我三生有幸,3,238214672,未知,非常积极,1.00 
巡猎-巡海大西王,男,感谢大家喜欢我主演的电影,3,1233165258,安徽,非常积极,0.98 
十年以下有期徒刑,保密,"看之前一直以为是欢乐向的说大哭大哭大哭

看到男女主互说我会一直爱你的时候，感觉稳了又觉得气氛怪怪的。后面五年后，直接分了？！感觉合理，前面就觉得两人情投意合但不适合在一起，结果看见回忆杀那里框的一下就眼泪决堤了。

如果我第一次见面就将你拥住，如果我未曾答应那个邀请，如果我没有迟到你的演出大哭大哭大哭",3,673367834,贵州,非常积极,1.00 
叼炮大叔,保密,想当初上映的时候是跟着初恋一起去看的 但是现在已经成为陌生人3,3,13445978,未知,非常积极,0.82 
加班诺手,男,看前半段我内心毫无波动，在结尾直接哭出来了，怎么回事,3,8483969,未知,非常积极,0.99 
马壮实大徒弟,保密,"121号看的 看完0点刚好2号。其实在最后的蒙太奇那里确实可以看到很多之前没有留意看到的细节，例如那时候男女主在走到塞纳河畔跳舞的时候，那个时钟刚好是12点，就如灰姑娘的魔法会在0点消失一般，艾玛斯通那时候穿的也恰好是高跟鞋，而不是第一次他们在山顶换的平底鞋，说明两人已经回不去当初。
再说那首Epilogue我对比了一下原声带跟电影其实都是感觉在最后的时候差了个音（就当是我YY吧）
也是太想他们两个能够有情人终成眷属，只不过生活就是这样，每个人其实都只能陪你走一段路罢了",3,1995947,未知,非常积极,0.94 
兰岚蓝蓝露,男,"分手前就一直在想着和她一起看这部电影，但听说了最后的结局一直没敢一起看，已经过去了一年半，这次一个人看着，真的些许感叹
我总是习惯逃避，上一次如此，现在也是如此",3,382492392,上海,非常积极,1.00 
摘星圣手乔西西,女,我心中永远的best picture,3,8403707,江苏,非常积极,0.87 
Rotooom,男,石头姐二封影后了打call,3,2086668,上海,非常消极,0.16 
穷酸秀才,保密,因梦而始，为梦而终,3,3267120,未知,非常积极,0.94 
小猫爱吃芝士薯条,保密,18年高二，关注的是剧情和音乐，现在大四准备毕业了，关注到很多细节，特别是女主面试屡次失败还被人看轻，狠狠的共鸣了大哭,3,38149421,广东,非常积极,1.00 
高海穗乃果,保密,大哭大哭大哭错过了重映，好难过,3,411917809,广东,非常积极,0.98 
凤殒凰劫,男,感觉音效还没B站其他人传的好,3,4897970,广东,积极,0.79 
星星蘸薯条,保密,要是有机会去电影院看一次就好了,3,519437019,福建,非常积极,0.82 
云歌筑梦所,保密,距离这次院线重映下映还有半个月，但愿西安过几天还有排片，一定要去影院再刷两遍！！！！,3,27971629,陕西,非常消极,0.01 
瀟華,男,看完了，很心酸，虽然我二十多年来都没有交往过,3,8767953,未知,非常积极,0.99 
daizzzy5566,男,弹幕都不知道什么叫歌舞剧吗，满屏的宝莱坞迪士尼真的xswl，多看几年电影再来指手画脚吧,3,163196197,未知,非常积极,0.85 
萌民宝宝,保密,看过《霍乱时期的爱情》之后再去想这个结尾就释然了所爱之人和另一个人结婚并不意味着他们爱情的终结，可能也只不过插曲而已。只要相互欣赏的火苗不灭，他们的爱情就只是进入了冬眠期而已,3,74215391,广东,非常积极,1.00 
以好逸惡勞為榮,男,男主比女主更爱对方，从洛杉矶一路开车到她家乡只为了通知她一个好消息，那距离我查过，在中国是跨省了，当然美国开车没那么累，大部分时间都是一条直路,3,8637296,广东,非常积极,1.00 
趁热灬小帅,男,又上来啦,3,471624303,山东,中性,0.51 
小光焰,女,看了重映真的是缓了好久，真的好好看，真正感受到了浪漫,3,325323162,四川,非常积极,0.99 
饺子君123,女,重映真的，哭着看完的，走出影院的一瞬满满的空虚感。大哭大哭,3,66605404,四川,非常积极,1.00 
缓存要注册啊,保密,确实是浪漫 不愧为高分 为什么让我看见这么浪漫的东西难过,3,253181953,上海,非常积极,1.00 
wc00771,保密,当时在电影院看的，你们想象不到那种走出电影院那种巨大的与现实的撕裂感。但就同期的电影来说，确实没能比过绿皮书。,3,1479681,广东,非常积极,0.99 
珍妮爱吃鱼_,保密,好家伙前两天想看没搜到，好好好,3,504099735,甘肃,中性,0.43 
扑棱咕咕子,女,耶回来了！！！不得不说重映去电影院的感受真的和线上看不一样,3,67645722,广西,非常消极,0.05 
㵘箖,保密,嗯嗯？又回来了？,3,295902684,四川,中性,0.46 
所以你真的爱过我吗,保密,在为你努力的路上把你弄丢了。,3,187697280,河南,消极,0.33 
西什小么,女,又回来了？是因为前段时间重映才下的吗？,3,399022364,山东,消极,0.25 
木刀Deadwings,男,2017情人节 陪公司的人事妹子去看电影就选了这个 看的过程我被感动哭了 看完后她却说没什么意思 是我不解风情 还是我不懂珍惜 那都和往事一样尘风消散了 然而再一次在b站看这个电影 却觉得过往似乎依然美好,3,14317336,未知,非常积极,1.00 
一只两只星寽,保密,这不是我看过的最好看的电影，但却是我最喜欢的电影,3,19935760,未知,非常积极,0.99 
哒哒哒kok,男,我以后一定要和我的女朋友一起再看一遍！,3,22702938,未知,非常积极,0.83 
MisdL,女,这个结束总给我一种意犹未尽的感觉思考,3,693738520,天津,非常积极,1.00 
带带大梅东,保密,初闻不知曲中意 再听已是弟中弟,3,730504,未知,消极,0.37 
山玄,保密,很好的片子。男主爱女主多一点吧？相爱容易相守很难，就像男主说的，女主不够成熟。所以男主可以一直等待，而女主走上了新的道路。电影是好电影，总觉得差点什么，感觉是为了艺术性少了逻辑性。,3,3514188,未知,非常积极,1.00 
momo邪恶版,保密,当初第一次看完 莫名其妙就是一种失恋的感觉 也不是那种哭爆的悲伤感就是觉得难受；；,3,572335,未知,非常积极,1.00 
九月长安丷,保密,"city of star theres so much that i dont understand
about one day",3,7794454,四川,非常消极,0.14 
pre_mour,保密,"如果再次与你初见
我一定会毫不犹豫地吻上你",3,374853352,未知,非常积极,0.99 
奇幻风之旅,男,《爱乐之城》是一部好电影，画面的切换背景音乐和舞蹈的嵌入，整体有一种令人陶醉的艺术感，就像是欣赏优柔的线条。而且电影中还有意想不到的惊喜，在天文馆的舞蹈，在sebs的想象可能，春夏秋冬的分段叙事，真的很棒！蛆音娘卖萌,3,23066824,未知,非常积极,1.00 
若你能感到罪恶就好了,保密,真好啊写给所有追梦者的情书只可惜我的梦想永远也没办法实现了看到最后两人幻想的画面哭的看不清屏幕真的是非常美丽也非常动听的电影已经不知道自己在说什么了,3,22145953,四川,非常积极,1.00 
Aspirin_as,女,17年两个人在电影院看，19年剩下自己在b站看,3,4482726,未知,中性,0.59 
MrWoodd,男,和你一起的生活会很美好，但是现在这个也不差，就这样吧,3,31952617,未知,积极,0.64 
轻风BZ,保密,这是我们翻拍的爱乐之城开场舞，来捧个场呀画风突变httpswwwbilibilicomvideoav50256944,3,278045070,未知,积极,0.61 
MikaAsuka,男,和前女友一起在电影院看的第一部电影。就在电影散场的时候，我大着胆子吻了她。如今分手正好一年了，看到这部电影，真的有些不知所措。,3,173471429,未知,非常积极,1.00 
夜兮辰兮,男,给我一首歌的时间，带你走过我的一生,3,32965516,未知,非常积极,0.97 
迷藏1216,男,莫恨未能共白首，梦里曾度几回秋,3,23790793,未知,非常积极,0.99 
晓露丝日本清光现场中,保密,至今脑中都回荡着 city of star！are you shining just for me？,3,2913475,未知,积极,0.77 
姜太公手里的钓鱼竿,男,B站已经把《哈利波特系列》跟《蝙蝠侠系列》和《申肖克的救赎》给买下来了,3,34476549,未知,非常积极,1.00 
弄个什么发型呢,男,推荐一部电影《亡命驾驶》男主真的集狂拽酷炫帅于一身，看完去查了一下男主名字，没错，就是暗夜猎手高司令,3,147192503,未知,非常积极,0.88 
mxherself,女,木有大会员 请问电影字幕双语的吗 如果是的话就充一个微笑,3,42851915,山东,消极,0.28 
Perri_Chan,保密,我最爱的爱情片上线了！,3,178683628,未知,非常积极,0.99 
满山遍野的音响,保密,哦呼，看我发现了什么,3,105818243,未知,积极,0.63 
桃花还暂未开,男,单身狗七夕快乐,3,343869304,未知,非常积极,0.83 
阳葵_,女,我丢！！小破站牛逼！！还好大会员还在qwqqqqq,3,79540023,未知,非常消极,0.02 
江浙先生,女,七夕前夕上。强。,3,50835456,未知,中性,0.44 
Bean_Du,保密,你能想到的美好都在这里,3,7972359,未知,积极,0.80 
Riyuu_,保密,音乐剧课上看过最好看的一部,3,2099765,未知,非常积极,0.92 
冬天没有夕阳的风,保密,来了来了，终于可以和小伙伴在b站上再回顾一遍了惊喜,3,35815346,未知,非常积极,1.00 
5e天才少年,男,"我先来！
B站的迷之经费dogedoge",3,65218339,未知,中性,0.42 
罗泽泽泽,女,我爱死这部电影了电影插曲我都听了好多遍2233娘大笑,3,256258622,未知,非常积极,1.00 
xxxsfim,保密,我爱死这个小破站了画风突变,3,177571719,未知,非常消极,0.20 
名字真的不好取啊_,保密,老师在音乐课上给我们看，现在再来看一遍2233娘大笑,3,299884733,未知,非常积极,0.99 
Saki三七,女,嘿嘿！来了！,3,12493396,未知,积极,0.64 
JonathanFR,保密,"终于买了，再看遍。喜欢
很喜欢插曲City of stars 之前不熟悉歌词还合唱过 av35332549（后面失误好多，各位轻喷吓",3,2761664,未知,非常积极,1.00 
夏虫不可语于冰者-,保密,住b站的吗各位,3,325341101,未知,中性,0.55 
東山伯爵,男,这是我心目中前三的电影。,3,18768611,广东,积极,0.72 
OscarIsaac,保密,可能我还是太年轻，我觉得他们不是那种必须be的情况啊，他们明明说了永远喜欢对方，两个人成功之后再相遇不行吗，又不是过了十几年，女主怎么就结婚有孩子了，结尾那段幻想也让我觉得女主对现在的丈夫也没那么深爱，还不如结局男主也有家庭呢，这样不会觉得那么难过了,3,237668345,山西,非常积极,1.00 
绝世冰清玉洁汤,保密,我竟然在这看到了渣和舔的弹幕辣眼睛,3,394088831,山东,非常消极,0.20 
我其实一点也没有了,女,万万没想到，我是从想象两人在一起没有遗憾那里开始哭的,3,166743771,重庆,中性,0.41 
Taylet_Eternal,男,"刚开始铺垫的时候感觉好无聊，就感觉音乐挺好听的，越看到后面越担心他们会分，看到男主开车接mia试镜，还有我会永远爱你就受不了了大哭

seb酒吧那段，听了mua的话改了名字大哭大哭大哭",3,387979041,安徽,非常积极,1.00 
快活着累,女,如何证明我爱过你？我希望你过得好，无论和谁，无论在哪，无论何时，即使比我好。,3,477822111,广东,非常积极,0.89 
所谓荒诞,保密,当初因为一首电影里的歌被安利了，没想到结局是这样,3,3359233,上海,非常积极,1.00 
____水絜,保密,也许你可能不信，但我的梦想真的是去看一次极光，或许，或许海鸥会去码头整点薯条。,3,29185213,湖北,非常积极,1.00 
一紧张就会打哈欠,男,520，一个人，第一次看这部电影，希望以后能和喜欢的人一起看,3,293636749,贵州,非常积极,0.97 
Moontoday,男,我会一直弹，弹给拥挤的车流，弹给愤懑的擦肩，弹给树下的傍晚，弹给你的失落剧场，弹给家门前的图书馆，弹给遥远的塞纳河畔，弹给我们过去的种种缺憾，弹给我们现在的各自美满。,3,161680221,湖北,非常积极,1.00 
ZAC三角洲版,男,为什么是BE啊，把我女朋友都看哭了，好烦无语无语无语无语无语,3,259205664,天津,非常消极,0.17 
multi-fiona,保密,四年前满心满眼希望mia和sab可以永远在一起，现在只觉得他们的相爱与相离都贴近现实。对梦想的信念拉近他们的关系，可也是对现实的妥协让他们失去彼此。这份感情与众不同触及灵魂，所以但凡有一点点杂质参杂其中都会让双方窒息。,3,270658991,江西,非常积极,1.00 
一只贝壳蚌呀,保密,灵魂的相投太来之不易了，如果结婚不必要的话，我希望拥有不被单纯的朋友或爱人所定义的灵魂挚友,3,507298067,河南,非常积极,1.00 
不上班的自由人,男,他们两个人在一起的时候，只能有一个人有梦想,3,24860369,河南,非常积极,0.86 
热心站友L先生,男,人生若只如初见，何事秋风悲画扇,3,66564078,陕西,非常积极,0.96 
流里六七,保密,"I guess were just gonna have to wait and see
Im always gonna love you",3,457147095,河南,非常消极,0.10 
有礼猫77,保密,18年看的现在二刷,3,1162641871,湖南,消极,0.22 
长大尿床哥哥夸,男,看到女主走进小赛之家的时候我脑海里突然蹦出来前面英格丽褒曼的海报 这世界上有那么多城镇 城镇里有那么多酒馆 她偏偏走进了我这一家大哭,3,495491924,天津,非常积极,1.00 
冲浪一年又一年,女,我真心希望你活成自己想活成的样子，哪怕在我看不见的地方。,3,25759290,河南,中性,0.53 
lanahoneyrey,保密,我和他相爱但分手了，我太阴暗 他觉得拯救不了我，选择了放手。好遗憾。我会好起来的，但我的人生再也没有他了。我们有过最美好的回忆。或许在未来的某天 我仍然会去尝试 在此留下足迹 我永远期待那一天。,3,142379354,江苏,非常积极,1.00 
maragey,保密,相濡以沫不如相忘于江湖。与其相互苟且，不如放手扬帆起航,3,1618713573,河南,非常积极,1.00 
舞女冷门信仰玩家Lsaiol,女,这部电影很浪漫 尤其是那些歌好美妙旋律好听 真的很喜欢这电影,3,1736488463,福建,非常积极,1.00 
李知退,男,这么多年过去，我发现第一个音符起来，我还是会湿了眼眶，草,3,123271407,陕西,非常积极,0.90 
笙生生笙,保密,之前她推荐过，可惜没看，现在分手了，却突然刷到了,3,503982269,宁夏,中性,0.42 
_清昀,保密,呜呜呜呜好难过啊 保卫萝卜哭哭保卫萝卜哭哭保卫萝卜哭哭居然be了吗,3,1612885801,江西,积极,0.62 
摄影柒柒,男,整部电影的颜色令人很舒服,3,523141180,安徽,非常积极,0.94 
绿柚子snow,保密,爱情只是生活中的一部分，各自的梦想才是自己能为之奋斗一生的事。感谢这份爱情让我坚持追求自己的梦想。如果是你更好，如果不是你，我也能好好生活。,3,43617545,四川,非常积极,1.00 
宇宙飛行侍,男,这真的太虐了，第一次看是在高中，哭的不行，以后大学毕业工作几年了再看一次,3,392990115,河南,非常积极,0.95 
mtkxq,保密,是我不会再看第三遍的电影 第一遍没看懂 第一遍看懂了虐的肝疼,3,259788557,山东,非常积极,0.94 
MOTOCass,保密,如果当初不是因为置气，也许我已经和她有了小宝宝了。。。。,3,432316891,浙江,非常积极,0.85 
焦十一_,男,复制一段我超喜欢的影评。我觉得这部电影最可取的是，描述的是两个精神独立个体的爱情，没有谁要去迎合谁，不以奉献和妥协为中心，不会为了融为一体而失去自己，爱情理所应当是陪伴和理解。,3,474415212,江苏,非常积极,1.00 
静若此时,保密,真的好难过啊，如果不能拥有对方，就把对方融入到生活中，男主还是放弃棒棒鸡了选择女主的名字，女主已经爱上了爵士乐,3,68053838,湖南,非常积极,1.00 
卟录biu,保密,让爱情停留在纯粹里，将梦想坚持到底,3,697662330,四川,非常积极,0.98 
好昵称确实挺难想,男,今天来再看一遍,3,86416452,吉林,积极,0.71 
蓝钢杰鹤,保密,现实主义结尾是生活，浪漫主义结尾是幻想。,3,474274300,湖北,非常积极,1.00 
茄子海豹qwq,女,are you shinning just for me,3,3052467,未知,中性,0.50 
黄鲜昇,男,2017年，没耐心，不认真看，浪费了一次影院观影机会。太可惜了，毕业几年后静下心一看，才欣赏到这个作品有多好。,3,4421476,未知,非常积极,1.00 
智商一败涂地,保密,第一次看的绝对不要开弹幕啊来自过来人的告诫,3,1651630327,未知,非常积极,0.96 
爱吃柠檬的莫兮,女,深夜一点多看完 真的好难受啊大哭,3,173535831,未知,积极,0.73 
Wrazis,男,没有结局也没关系，我在脑海里已经和你度过一生。,3,4931889,未知,非常积极,1.00 
厌食同学,男,音乐真棒！,3,14487572,未知,积极,0.64 
愚公移山-Angle,保密,以后要带着喜欢的女孩一起看，婚礼也用这个主题曲,3,86682880,未知,非常积极,0.85 
江湖小龙虾_,女,男主弹奏完熟悉的旋律，似乎对最后几个音符恋恋不舍。女主最后一次回望，二人微笑对视，那一刻仿佛在向彼此诉说：我们曾经爱过，我们仍在坚持着自己的梦想。,3,386052806,未知,非常积极,1.00 
Lively_Soda,女,痛快地哭了一场,3,230252696,未知,非常积极,0.98 
黎人离心,女,凌晨12点我搁这儿哭的稀里哗啦保卫萝卜哭哭,3,321068485,未知,消极,0.38 
朔月空喵,女,爱情不尽是圆满，至少他们最后都实现了梦想，从另一个意义上来说也是圆满了。,3,23563925,未知,非常积极,1.00 
イズミルル,保密,17年高一去看了一遍当时没看懂 现在大三了，看了好多次，真的越看越喜欢,3,1636881,未知,非常积极,0.90 
该怎么出循环,保密,为什么他们彼此深爱但最后她还是牵了别人的手大哭,3,372724664,未知,非常积极,0.96 
俗人三枚,保密,我的理解，if线里，Seb放弃的他的理想。,3,7083203,未知,积极,0.73 
宇智波狗蛋蛋,保密,嘉然20变身嘉然20变身嘉然20变身,3,241231169,未知,非常消极,0.08 
离别预备役,保密,我的天呐 看到中间很甜的那一部分 有个弹幕说 童话会在这里结束 可现实不会 好伤感又好真实保卫萝卜哭哭,3,1835822062,未知,非常积极,1.00 
StickerJoker,保密,因为一首BGM让我有了想看的冲动。,3,1903689914,未知,非常积极,0.83 
风不解人情与沙同行,保密,如果拍成美剧的话 可以有两条线 一条女主 一条女主的姑妈,3,68465487,未知,非常积极,0.98 
心境时差,男,虽然说描述的是两个精神独立个体的爱情，但我还是觉得如果两个人要在一起就要互相磨合掉一些东西，从112变成05051，当然磨合也不是没有底线，而是要在彼此都可接受的范围内,3,35781355,未知,积极,0.66 
鹿言君,男,给她推荐的第一部电影就是la，结果结局也和la一样,3,31303220,未知,非常积极,1.00 
Believeeffort,男,总的来说爱乐之城讲的就是月亮与六便士的故事给心心给心心,3,273365195,未知,非常积极,1.00 
Miumiu的扣扣空间,保密,我们在春天相遇，冬天分别，相逢之日的酒馆 写着你和梦想的名字,3,394681596,未知,非常积极,0.99 
Scheherazadee,女,A winter for us，a spring for you and me,3,232057983,未知,中性,0.52 
便宜碳水嗯造,男,几天前，自己喜欢很久的女生有了其他喜欢的人，我喜欢她的自由与独立，她说明了一切，我解释了一切，我很难过，不过现在终于能坦然接受了，正是她的自由与独立我才喜欢她，我也尊重她的自由与独立，希望我们以后是很好的朋友吧，我也该努力去寻找真正属于自己的爱情了,3,358271182,未知,非常积极,1.00 
Niceofme,保密,得了爱乐之城PTSD,3,31206870,未知,中性,0.60 
诡辩达人,保密,这部电影是真的经典，当初我在电影院看完以后，我们那一场所有人突然一起鼓掌，就像欣赏完一出优秀的舞台剧,3,14633747,未知,非常积极,1.00 
红心番石榴汁,保密,太好看了，我真的好爱这首歌,3,30776640,未知,非常积极,0.85 
苍梧蒼梧,男,艺术品 哪一天能在影院重映一定要去看一遍,3,6131720,未知,非常积极,0.94 
ymariee0101,女,"一个月前看的但是la la land永在我心
Welcome to Sebs",3,449302657,未知,非常积极,0.83 
混食圈点,保密,17年的？那一年我和表姐一起去看的 最爱的电影之一,3,503217499,未知,非常积极,0.99 
素其位行,保密,爱情是怎样步上群山，又怎样在繁星之间藏住了脸,3,223798494,未知,非常积极,0.99 
一包花生碎,保密,看完正好15号。我大概永远不会忘记cityofstar了。,3,304407612,未知,积极,0.78 
花芪Flora,女,每年一刷（其实是n刷）拉拉蓝！！,3,180891,未知,消极,0.26 
_elegante,保密,来啦，第22个自己一个人的单身节。也要快乐,3,337357467,未知,非常积极,0.90 
001_Larry_,保密,爱乐之城上映五周年！,3,513679985,未知,非常积极,0.86 
橘橘有话说,保密,囧么办，感觉好像看了两次还是看不太懂,3,28699450,未知,非常消极,0.09 
电子三文鱼,保密,受不了了 看了两次T T每次都在seb开车去mia家长摁喇叭的时候痛哭出声 谁懂 被人记得和被肯定真的很好哭,3,27164705,未知,非常积极,0.94 
铃音_Official,保密,太喜欢啦！！！已经看了两遍了！！！,8,39267739,未知,非常消极,0.13 
ALIEZ-GAKKI,男,乃琳！！为了你 我要从半个月看一次到一周看一次，尤克里里的city of stars刚好也练到一半了给心心给心心,5,7850220,未知,非常积极,0.99 
CARBON-12,女,tnnd他俩戏里戏外都好配，结结婚 为什么不结,4,386716295,未知,中性,0.43 
陈皮卡丘吉尔呀,保密,居然有人不喜欢这种高质量的歌舞片嘛呜呜呜，每次听到熟悉的旋律就已经在大脑里开始跳舞了，看电影的时候甚至想进到电影里一起跳脱单doge,4,70895163,未知,非常积极,0.86 
影若梦,女,是不是文青都喜欢看这个doge,4,329508801,未知,非常积极,0.87 
量子少年-神楽Mea,保密,逆天婚介所来的，电影很好，节目很尬,4,618574661,未知,非常积极,0.93 
F-ZUTTER,保密,"弹幕是不是没谈过恋爱的男的再骂女主不懂事？
她为了男主放弃面包，陪他穷困潦倒，男主发达了，忙了，冷落她，连最重要的首场都没来看，还要怪她不懂事？当初女主是这样做的吗？男人，呵，呸",4,4498964,未知,非常积极,1.00 
灯企鹅饲养员,保密,b站低龄化低学历化太明显了喜极而泣,4,3187878,未知,中性,0.43 
IndiHome宽带,男,"讲一个应该没多少人发现的细节，他们在天文山跳舞的时候Seb说他们之间没有火花，Mia回怼道""maybe this appealsto someone not in heels""结果后面就把高跟鞋换成了和Seb一样的平底鞋，看来身体还是很诚实doge",4,615985211,四川,非常积极,0.82 
摇滚之神周杰倫,保密,Welcome to Sebs,1,195663658,湖南,中性,0.47 
戴金链子的修勾,女,这条裙子是哪个牌子的？辣眼睛好好看，找了半天没找到哪个牌子的。,1,1777506505,江西,消极,0.22 
阿鲁君阿鲁,女,在看这部电影之前喜欢上了city of stars这首歌 现在看完了 后劲太大了 都没法心态平和的听了大哭大哭大哭,2,11213003,未知,非常积极,1.00 
大把的信仰,男,欢迎来到小赛之家tv大哭tv大哭,2,673379993,未知,非常积极,0.81 
银河下面啃月亮,女,Seb当然可以去巴黎，但那一刻，他不能因为Mia而去。,2,27959669,未知,非常积极,0.87 
角丱丶,保密,希望能蹲一个破站买倒数时刻脸红,2,7407809,未知,非常消极,0.15 
几许a,保密,石头姐yyds，幸好那个艾玛没选这剧本，谢天谢地，虽然我也喜欢她哈哈,2,410911631,未知,积极,0.76 
Akira明上,女,一刷请勿开弹幕,2,14314424,未知,积极,0.66 
臭打游戏的某某,男,爱乐之城爱乐之城看这么多遍我从没想过谁对谁错，第一次在哔站看弹幕真离谱，这就是弹幕的力量吗。,2,344464829,未知,非常积极,0.98 
圣地亚哥蕉警88号,男,淦，好多情头出处啊,2,610684079,未知,中性,0.59 
抱抱呆胶布,男,看一部好电影多是一件美事啊,2,27290346,未知,积极,0.75 
xxdj,保密,复制一段我超喜欢的影评。我觉得这部电影最可取的是，描述的是两个精神独立个体的爱情，没有谁要去迎合谁，不以奉献和妥协为中心，不会为了融为一体而失去自己，爱情理所应当是陪伴和理解。,2,4038674,未知,非常积极,1.00 
EESStar,保密,我会记得你 然后爱别人,2,296036272,未知,非常积极,0.92 
Feedback_,男,爱乐之城已经没落的歌舞片的绝唱，一切都是那么的好,2,75589896,未知,非常积极,0.96 
Benji-,男,哈哈在这里祝福你吧，希望你可以幸福快乐，不必背着那么重的包袱，大大方方的爱一个人，然后有好的结果，我也开始走上让自己变优秀的道路了,2,36474194,未知,非常积极,1.00 
低盐鱼肝油,男,在看了至少十遍之后，我这次爆哭，爽了,2,14613940,未知,非常积极,0.90 
蛋黄公主的第一回头客,保密,弹幕充分展现了审美有高低的客观性,2,21248044,未知,非常积极,0.80 
Sebhhhhh,保密,水点蒸发变作白云，花瓣漂落下游生根,2,318926857,未知,非常积极,0.88 
伊洛维利丹_怒风,男,我喜欢的人推荐我来看的，她还唱过主题曲呢贝拉kira看我可爱吗,2,8916278,未知,非常积极,1.00 
没有定义-,保密,可是现实中有时候这样的结局未必是最坏的，每个人都是自己独立的个体，都可以有自己的选择，有人选择了两个人的爱情，有人选择了自己的梦想，两者都没错，至少有两个可以去选择。那些没有实现的东西，我已经在脑海里想象过了，就算真的没有成真就算了吧，有些事情过去就真的是能咬牙忘掉，因为还有未来,2,637764860,未知,非常积极,1.00 
小春啾啾,保密,也许这世界最大的遗憾就是差一点，差一点就熬过，差一点就走到最后，差一点结婚的就是我们，差一点我们就可以白头，就差一点点,2,1075412237,未知,中性,0.46 
Benji-,男,很后悔没有和他看过一部关于爱情的电影，特别是这部爱乐之城吧，加油吧，应该以后无缘再见啦，对你失望了哈,2,36474194,未知,非常积极,1.00 
况况映,保密,这种爱情真的太好哭了，两个人都没有对不起对方却因为梦想分开,2,162223968,未知,非常积极,0.95 
圈砸0w0,女,日推不做人 给我推City Of Stars 再来打一次卡哭泣,2,2316746,未知,消极,0.39 
黑镜子七,保密,是值得好很多遍的好电影,2,2148567,未知,非常积极,0.99 
一隻電視機,保密,如果没有那个拥抱 如果没有你的放手一推 或许我不会有机会走上这条我们都梦想过的路 删不完消息记录 删不完的相片 删不完的联系方式 总是在一个又一个深夜 我不小心翻出从前种种 原谅我抗拒让我们的故事从另一个维度发生 可是在高考的那条道路上 I gotta give it everything I got  我祝你快乐 安,2,267444216,未知,非常积极,1.00 
疯疯癫癫的香菜奶茶,保密,"一首歌的时间，我就已经幻想和你度过了一生。没有尴尬的遇见，没有小心翼翼的针锋相对，没有理念上的冲突。只有支持，你没有错过我的每一场演出，我没有错过你的戏剧。我们为彼此的成功欢呼，我们是彼此最忠实的观众。曲停了，我看见你和他走出去，我知道你现在是幸福的。我没哭，我只有点遗憾而已。
我看见了小赛之家，也看见了你。一首歌的时间，我就已经看了我们曾经的未来。可是我知道，那样我们就不会被彼此吸引，我们就会为了现实而妥协彼此。我们的重中就是为了让自己梦想发光不是吗？我听了你的音乐，很好，很是你喜欢的音乐，你快乐，就够了。再见，我的爱人。",2,591093617,未知,非常积极,1.00 
余年Zzzzzz,保密,这电影戏里戏外都让人心碎,2,863939,未知,非常积极,0.99 
账号已注销,保密,我们一起走过一切，最后的一切居然不是你,2,444911346,未知,消极,0.36 
上班毁了我的人生,保密,在我的脑海中已经和你度过了一生,2,30901325,未知,非常积极,1.00 
小鹿落枕,女,母胎单身心无波澜的看完了。tv思考结局的不完美确实很现实了,2,5421513,未知,非常积极,1.00 
_Swiftie__,男,我爱这部电影的色彩  转场 音乐，非常非常爱,2,244400799,未知,非常积极,0.99 
通七都马桶,女,city of stars 真是首很好的曲子。,2,16740054,未知,非常积极,0.95 
捡起我的小月亮呀,保密,这部电影下载了好久，一年多了，知道是部好电影，但迟迟未看，这两天看完了，真是一部值得久久回味的电影，会像无数经典那样值得一看再看,2,29396941,未知,非常积极,1.00 
落月相逢,保密,这是一部会把我的思绪一下拉回到高中的电影，当《City of stars》一响起过去种种就会浮现在脑海,2,286098037,未知,非常积极,1.00 
凩城,保密,和初恋看的电影 当时男女主接吻的时候我们做着和他们一样的动作 可是已经分手3年了 唉,2,10094407,未知,非常积极,1.00 
evermor3,保密,分手一个多月了，再看一遍,2,286488073,未知,积极,0.75 
致命の猫,保密,另一个平行世界，会在一起吧,2,172812031,未知,非常积极,0.97 
人的边缘,保密,他们从来没有放弃理想，他们达成了自己的理想。他们一直爱着彼此，他们错过了彼此,2,132782116,未知,非常积极,0.95 
无敌小锋子呀,保密,当年看的打瞌睡，现在看的睡不着,2,442001953,未知,中性,0.42 
冰7淋和黑眼圈,女,lalaland,2,304019137,未知,中性,0.50 
暗のSunny,保密,印象中这部电影我第一次看的时候，如果不是主角掏出了台iPhone，我一直以为这电影的时代背景是上世纪50年代的,2,32810672,未知,非常积极,1.00 
别吃麻辣香锅,女,我曾幻想过与你未来的每一个时光但我们却在中间按下了暂停键,2,6089059,未知,非常积极,1.00 
青空Isaac,男,我曾幻想过与你未来的每一个时光但我们却在中间按下了暂停键,2,286458772,未知,非常积极,1.00 
你还相信光嘛_,男,三个字，意难平,2,28544367,未知,消极,0.31 
海上微醺月光,女,我永远爱你，即使我们没有永远,2,395809858,未知,非常积极,0.92 
该用户为非法用户,保密,能看懂的时候已经能看懂了,2,38239555,未知,中性,0.56 
-Nyarlathotep--,男,想知道这个小姐姐的其他电影有没有推荐的,2,28556948,未知,非常积极,0.90 
Munite,保密,有几个片段的画面和音乐很浪漫，但是还是不能理解男女主为什么分手。热词系列害,2,24038601,未知,非常积极,1.00 
账号已注销,保密,拉拉岛（确信）,2,1956620887,未知,积极,0.61 
约翰约书亚,保密,看到星空就刷卡兹的jo小鬼能不能爬啊？生气,2,29164085,未知,非常消极,0.13 
一根废草,女,这片真是超级无敌究极旋转上天爆炸浪漫,2,50040066,未知,非常积极,1.00 
薄荷金枪鱼_,保密,一起看的人已经变成了前男友,2,353469,未知,积极,0.75 
喜欢我逢坂大河吗,保密,我记得这部好像是和《美女与野兽》同期的,2,94755962,未知,积极,0.73 
语文卷卷,保密,我没有按下暂停键的勇气，我也不敢倒转时空回到那时候，虽然不明白未来会发生什么我只敢一步一步往前走。不管是光明，还是黑暗。也许会有一颗星星为我而闪耀吧！,2,27714098,未知,非常积极,1.00 
橘子先生是小姐,女,姑母十几岁时曾跳进塞纳河的波浪里，之后的一个月她都在打喷嚏。可如果有来生，想起那人那雪那塞纳河水，她说愿意再来一遍。,2,431082938,未知,非常积极,0.92 
别抢我的锅包肉吃,女,哭死了 我是个俗人 还是希望后面的if是真的,2,58003445,未知,中性,0.56 
我想成为一只熊猫,保密,想和男朋友在电影院看《lalaland》,2,45236103,未知,积极,0.67 
绮良里,保密,我一直以为是上个世纪的老电影，没想到是17年的,2,27721803,未知,非常积极,0.86 
CoSante,保密,大会员充起了，求推荐跟lalaland同样优秀的电影（或者在你心里更优秀）我会都认真去品！谢谢！给心心给心心给心心微笑,2,394313800,未知,非常积极,1.00 
请成为想成为的人,女,"害，开始看隐隐感觉是be两个都追梦的人，这不得be后面男主找到女主，有觉得不会he 吧，要是he就感觉有点假了，然后最后一波假设他们当时避过所有错误选项有点刀了，但是依然不是很刀到本母单，
哈哈哈，歌都好好听啊，画面也好好看，还有只要最后都实现梦想就是好结局啊，都有钱赚啊，多棒。
放弃梦想什么的，我也没啥梦想和坚持，有钱就行，
最后看到了他们都在成全彼此，很喜欢男主鼓励女主的话，不过我会学会自己成全自己，自己鼓励自己。",2,2114241307,未知,非常积极,1.00 
哥哥不浪,男,完蛋，看完无感，我是要单身一辈子吗囧呆无语,2,43097209,未知,消极,0.27 
我叫郝先生,男,为了梦想，本来惺惺相惜的两个人走在了一起，为了彼此，让本该走在一起的两人又走散了。,2,103104492,未知,非常积极,0.99 
蜡艺蜡,女,lalaland,2,11198558,未知,中性,0.50 
dddnhn,保密,建议关弹幕,2,351601407,未知,积极,0.74 
我想保护我的她,男,每一次看都会忍不住想你，不舍得说再见，哪怕你已结婚，已做母亲,2,123727012,未知,非常积极,0.94 
S4uryF秋刀鱼,男,"一个我喜欢的人昨天过生日，我则来看看她最喜欢的电影
City of stars",2,112891807,未知,非常积极,0.97 
小小小小海诺,保密,标记,2,1889621177,未知,中性,0.45 
清酒爱跑步,男,电影最后从welcome to sebs哭到结束,2,442312792,未知,积极,0.76 
_魏青鱼,男,"明明可以好好说，也可以互相等待，可惜，Real life no if line
男主为了杂志拍摄错过女主第一场剧时就突然想起那句话：
你来晚了，李嘉图。",2,40103218,未知,非常积极,0.95 
账号已注销,保密,我看不懂，但是感受到浪漫悲伤纠结难过和没有是非对错。,2,634849062,未知,非常积极,1.00 
一只虫虫儿飞啊飞,保密,"我以为在雨夜打开一部欢乐的轻松喜剧，结果是人生无数意难平又添了一件。
我爱着你，我爱过你，我还爱你，但我们未能白首偕老热词系列我哭了",2,23860449,未知,非常积极,1.00 
要努力的椰果茶,女,Ill always love you爱乐之城,2,29006110,未知,中性,0.57 
圆子馒头,保密,笑着进去，哭着出来辣眼睛,2,470692147,未知,积极,0.63 
一只大菜菜呀,女,今天免费看了脱单doge,2,176423673,未知,中性,0.51 
MissSherlock,保密,看一遍哭一遍特别是最后的Sebs，明明是他开始刚开始嫌弃的名字却为了她使用了，真爱啊tv难过,2,35121523,未知,非常积极,0.98 
Eraseting,保密,如果当时互相能再成熟一点，如果互相情商能再高一点，如果当时自己很有钱，如果，its ok Im gonna always love you,2,20465598,未知,非常积极,0.82 
_乐观的悲观主义者_,女,在梦里，我和我喜欢的男生过完了一生，我挽着他的手臂，大方的跟别人说他是我男朋友，去他家，见他家长，见他学习生活睡觉的地方可我想这不是爱情，我也不该沉湎于过去，见到真正喜欢的人也要勇敢大胆的表达，去他的女生不要主动，真正的爱情是两个独立完整的灵魂相遇，爱不一定要在一起，这才是留住了美好。,2,514973714,未知,非常积极,1.00 
永远等待QAQ,男,和你在一起也是梦想,2,358041902,未知,非常积极,0.90 
大萌神长门有希,女,ceeeeeeeeeeeeb！恭喜ceb！,2,13572,未知,积极,0.71 
黑莲花下死,保密,但是，但是，假如一切重来，我也要奋不顾身地跳入塞纳河。人一生可能就遇到过那样一条河。,2,378053186,未知,非常积极,0.98 
椰汁半岛牛油果,女,说实在，我和前男友看完之后没什么感觉。分手一年多，我们俩关系也还是不错。回头看，发现这个电影需要用时光和经历才能品味出来。,2,66561832,未知,非常积极,0.98 
世界和平阿门,保密,第一次看的时候完全没有感觉，直到最近经历了最深刻和无力的一次感情后，看到这个结局真的哭成狗，心里止不住的难过和遗憾,2,17724420,未知,非常积极,1.00 
戒色皇帝尼谷丁真,男,格温，你来这儿了大哭大哭大哭大哭大哭大哭大哭大哭,2,388858151,未知,非常积极,1.00 
茂茂是宝贝,保密,看完了，泪流满面，梦想与爱情不冲突，可是很多事情都是事与愿违，导致他们分开的并不是梦想，而是更多的无可奈何,2,298548250,未知,非常积极,0.99 
ChilJloi,保密,stone姐太美了大哭大哭大哭,2,21381281,未知,非常积极,0.97 
暹逸,男,电影真的很好，弹幕上面一直刷迪士尼的多少有点毛病，天天就知道迪士尼漫威，生怕别人不知道你的无知,2,41784459,未知,非常积极,1.00 
炮灰溪雨,保密,我后悔了！我妹有想到这最后注定是个悲剧！我妹想到啊！！！大哭大哭大哭我是因为爵士乐才来看的，为了防剧透我没有开弹幕看评论！妹有想到杀人诛心啊囧大哭大哭虽然是好结局但它不完美啊！,2,170121703,未知,非常积极,1.00 
三顿三吨药,保密,大哭真的很感动 好的感情不是非要走到最后 生命中遇到的每一个人都没有办法和我们走完一生 但是经历过的美好的感情却是可以伴随一生的,2,6957217,未知,非常积极,1.00 
顾尘星,保密,我以为我已经不会为爱情片流泪了，却还是为最后十分钟破防,2,38790531,未知,积极,0.78 
本分的农村人66,女,假如一切重来，我会在第一次见面吻你,2,387877354,未知,非常积极,0.98 
四月一日-君尋,男,弹幕低龄是真的多,2,177176803,未知,积极,0.73 
MonMao,保密,在平行时空，你我已相爱幸福的度过一生,2,347860084,未知,非常积极,1.00 
游裔Neo,女,谢谢，片子很好，已经在哭了,2,348578901,未知,非常积极,0.96 
小苍蝇的头,保密,同志们，明日2021520了。妙啊妙啊快来lalaland,2,378509100,未知,非常积极,0.94 
尹原原不是尹圆圆,女,想起了冬天我们一起看这部电影，我看过的，那时候还是偷偷哭的好伤心。你不知道我哭了，应该不知道吧，你也不知道我哭不是因为电影，而且你要走了。也许那是我们最后一次一起看电影，但是我往后每一次听到city of stars，都会想起你。,2,23112820,未知,非常积极,1.00 
八幡fans,男,男女主俩人的爱情结局里就是向现实妥协了。在影片中期，俩人互相指责对方没有为梦想坚持，都鼓励对方为梦想坚持。但是他俩之间的爱情却向现实妥协了。什么天各一方，你在巴黎拍戏，我在这里追逐梦想。那都是借口，让爱情妥协的借口。说白了电影最后就是想表达梦想，人生，比爱情更重要。为了梦想，爱情只是会被牺牲的一方。我承认这样的价值观，我也喜欢这样的价值观。所以这部电影对我来说比国产甜腻剧好看N倍。但这也只是对我而言而已。,2,23780527,未知,非常积极,1.00 
赤盏柒,女,"到现在还记得姐妹看完这部电影和我说的一句话：
可是能实现自己的梦想已经很幸运了啊",2,341063760,未知,非常积极,1.00 
雷炮奥,保密,走到一起的不是理想，是现实和人生。,2,65558729,未知,非常积极,0.90 
佬米啊佬米,保密,"我和前任分手前本来说有时间要一起看这部片子。我没等到那个时候。
等到了我看完这部片子的时候，才发现这就是发生在我们身上的故事。两个人因对彼此梦想的欣赏走到一起，又因对各自梦想的追求分道扬镳",2,37396206,未知,非常积极,1.00 
一起变成橙汁吧,保密,好爱这部，总是会点进来看看,2,252618426,未知,消极,0.39 
炸薯条好次,女,欢迎来到小塞之家委屈,2,22536204,未知,积极,0.64 
rr-19,女,我心中最爱的一部电影，突然语穷。。。表达不出来我脑袋里闪现的画面。看这部电影时总是会感觉很幸福治愈虽然最后结局并不是大众所认为的完美式其实结局很悲。（其实这个结局就很棒了真的特别钦佩参加这部电影的所有人！不管是灯光，场景，音乐，故事。。。。。。都我感悟到了电影的意义美，艺术带给人类的丰富多彩的情绪。希望在以后日子里看爱乐之城都会有更多的领悟吧，我永远喜欢尊敬这部电影。,2,32072401,未知,非常积极,1.00 
Pontiff_Sulyvahn,男,虽然最后没能走到一起，但最后他们都成为了自己想做的那个人，彼此间的鼓励与争吵也促成了他们梦想的实现。,2,226771199,未知,非常积极,0.99 
两色源,男,救命啊这片实在太好哭了。它没有哪怕一个音符是冗余的，包括舞蹈也简直在心里踢踏，就，太容易共情了。最后的蒙太奇也真的过于成熟。我一度觉得煽情最终都会让人觉得矫情，但Chazelle这段煽得我泪腺崩塌。这是第十六遍看La La Land，I am always gonna love you,2,404882503,未知,非常积极,0.89 
变成橙汁喽,保密,想要有良好的观影体验不要开弹幕，无语，真让人无语。对，说的就是弹幕里的某些人，说的就是你。,2,687346168,未知,积极,0.77 
窗寒西泠长白雪,女,真美委屈可能这样的结局不算圆满，但我却觉得这样的爱真美好。,2,8540692,未知,非常积极,1.00 
阿喵喵0428,女,梦想排在爱情前头。这部电影真的很美。,2,14828880,未知,非常积极,1.00 
yanyan16,保密,为什么我第一次看完没有意难平呢，哦，因为在很多年以前我看了一部漫画天堂之吻，过程也是总总难忘，最后男女主为了各自的梦想分开了。当年我很气愤，是真的生气。为什么不可以在一起，不能在一起的理由只能是因为你们互相之间不够爱。后来我也经历了分手，遇到了另一个人。难道是不够爱吗？当电影男女主互相说我会永远爱你的，我心里想着开玩笑吧，这可能是结束一段爱情最后说的那种安慰自己内心的话，又让对方听了感觉很舒服。。。。。不用太在意，人生有无数种可能。,2,4490501,未知,非常积极,1.00 
イタイ,女,大哭大哭大哭大哭大哭大哭大哭大哭大哭大哭大哭大哭,2,379984940,未知,非常积极,1.00 
九千两,保密,我哭出太平洋生离比死别更让我意难平,2,2151811,未知,积极,0.72 
_葛温德林,女,打卡  如果可以回到过去 我会在见你第一眼 抱你吻你带你走 ，可是回不去了 希望你能更好的生活吧。,2,8779937,未知,非常积极,1.00 
快乐菠萝宝,女,"Heres to the mess I make 
 BEof me",2,13350083,未知,非常消极,0.12 
满龙啊,保密,人生有时就是这样,2,64102046,未知,积极,0.61 
F_dae,女,呜呜情人节打卡 真好,2,11597529,未知,中性,0.44 
柴君啊,保密,热词系列打卡,2,22043158,未知,积极,0.72 
心明眼亮的布束,保密,2152  sign off on it  拼写错误。。。,2,2026159,未知,消极,0.22 
ToxicNeolib,男,三年前她拉着我一起看了这部片子，她很平静，反而是我看得满脸是泪。后来她走了，这片子我也没再敢看过。如今她又回来了，而我看这部片子也不掉泪了。,2,265597367,未知,非常积极,1.00 
4444-肆肆肆肆,保密,我带着伤痛来看，这是一个混蛋的前女友（前女友是好人）喜欢的电影，刚看完电影蛮荒故事，我觉得我准备好接受心灵摧残了,2,50996376,未知,非常积极,1.00 
只吃肽聚糖,男,绝对值得多刷，画面舞美音乐都是顶级，价值观也非常正！,2,348673514,未知,非常积极,0.99 
鬼王强,男,跟男朋友看的 现在是前任,2,9980782,未知,积极,0.68 
ciarrrrrrrrzxxh,女,这是我跟他一起看的第一部电影,2,21917464,未知,非常积极,0.90 
本叶涟玖,保密,人 都 刀 傻 了,2,438399956,未知,中性,0.58 
头发有点卷_,保密,好想电影院重映！看过真的念念不忘,2,21360796,未知,中性,0.59 
剪刀手不剪刀剪什么,保密,最终 我们都成为了更好的自己 却没能成为更好的我们,2,20190020,未知,非常积极,0.84 
或许是苦茶呢,保密,这个电影中心大概就是成全吧。。打破了相爱就要在一起的这种局限，每个人都有自己的人生，爱情不一定是人生中最最重要的东西。男女主先后问对方你为什么要放弃自己的梦想也是这个道理。（个人理解）,2,397085967,未知,非常积极,1.00 
RosyRoss,女,我觉得这个结局已经非常完美了两人都功成名就,2,2784507,未知,非常积极,0.99 
里里里biu,保密,二刷还是哭死了，人生若只如初见,2,14259508,未知,非常积极,0.94 
禅困困,保密,如果没有这个be可能它就提名不了奥斯卡了,2,90390707,未知,消极,0.32 
查尔斯队长,保密,加菲看了这部电影 估计哭爆,2,80479271,未知,中性,0.58 
D1TO0,男,整个观影流程感情逐渐螺旋上升，到顶端停住，最后一下蔓延开来，不至于流泪，身体却一直颤抖,2,17234991,未知,非常积极,1.00 
長い長い長い,女,因为喜欢赤楚来看的，本来对这部没有兴趣，结果结局哭的稀里哗啦，是一部好电影关于梦想爱与现实,2,20259241,未知,非常积极,1.00 
爱出风头风,男,小陈别玩了快去工作doge,2,8431397,未知,非常积极,0.81 
kjk和金大喵,保密,故事很简单 主要是导演真的厉害,2,36102624,未知,非常积极,0.89 
lwtbentata,保密,有时不知道看什么又不想开新片时，就会来到这里。这部电影属于看得越多越上头的类型,2,11628173,未知,非常积极,0.95 
我都说我没兴趣了,保密,圣诞节看的太适合了,2,420806677,未知,积极,0.64 
惊魂之裤12138,男,最后的结局，未免不是另一种Happy ending，男女主虽然并一起，却最终实现了彼此的梦想，这也是对他们在一起的时光的另一种纪念。,2,11184826,未知,非常积极,1.00 
superluckySYu,男,他们在心中过完了本该属于他们的一生。,2,8313615,未知,非常积极,0.94 
爱睡觉的兔桃酱,女,我又来了呲牙,2,312058962,未知,中性,0.50 
有以ovo,保密,这仍然是我最爱的爱情电影。,2,175374,未知,非常积极,1.00 
Silen_droir,保密,可能也有着 想让观影的各位 不要因为一些小事 而失去了现在和将来对你最重要的人吧,2,7891923,未知,非常积极,0.83 
余浅别吃了,保密,有没有和它差不多风格的电影啊。看完爱乐之城好像其他电影都黯然无光了,2,3451786,未知,非常积极,0.98 
